date,season,temperature_c,humidity_pct,wind_kmh,rain_mm,is_holiday,is_weekend,rentals,kiosk_ice_cream_sales
2023-01-01,Winter,4.4,53,15.8,0.0,0,1,622,115
2023-01-02,Winter,9.8,57,3.6,0.0,0,0,1757,152
2023-01-03,Winter,5.5,63,18.2,0.0,0,0,1510,111
2023-01-04,Winter,-1.6,83,9.2,0.0,0,0,198,41
2023-01-05,Winter,0.0,96,6.2,0.0,0,0,276,11
2023-01-06,Winter,5.1,49,14.8,0.0,0,0,1814,84
2023-01-07,Winter,1.9,71,3.8,0.0,0,1,1115,69
2023-01-08,Winter,6.2,56,10.9,0.0,0,1,1125,142
2023-01-09,Winter,-4.8,85,5.9,0.0,0,0,440,0
2023-01-10,Winter,9.4,68,25.7,0.0,0,0,1163,139
2023-01-11,Winter,8.6,71,5.1,0.0,0,0,2677,114
2023-01-12,Winter,-3.1,74,3.6,0.0,0,0,299,6
2023-01-13,Winter,1.0,62,18.2,0.0,0,0,1482,49
2023-01-14,Winter,-0.1,63,12.3,0.0,0,1,1485,0
2023-01-15,Winter,0.7,67,12.4,0.0,0,1,1056,63
2023-01-16,Winter,5.5,79,17.3,8.5,0,0,646,83
2023-01-17,Winter,0.3,94,15.8,0.0,1,0,1017,42
2023-01-18,Winter,-1.1,84,2.7,3.5,0,0,40,24
2023-01-19,Winter,4.7,66,9.4,0.0,0,0,1646,34
2023-01-20,Winter,7.0,86,26.2,0.0,0,0,673,63
2023-01-21,Winter,0.7,75,10.3,18.0,0,1,40,38
2023-01-22,Winter,3.4,70,5.5,0.0,0,1,1626,26
2023-01-23,Winter,-2.7,74,8.6,0.0,0,0,40,11
2023-01-24,Winter,5.9,56,9.3,0.0,0,0,1710,103
2023-01-25,Winter,10.6,47,6.9,0.0,0,0,1674,121
2023-01-26,Winter,4.6,60,22.3,0.0,0,0,1062,84
2023-01-27,Winter,2.3,67,10.0,0.3,0,0,886,35
2023-01-28,Winter,-4.7,76,13.1,0.0,0,1,732,0
2023-01-29,Winter,1.5,55,8.3,0.0,0,1,1407,10
2023-01-30,Winter,-4.7,71,6.0,2.4,0,0,40,22
2023-01-31,Winter,5.5,47,7.7,0.0,0,0,1607,89
2023-02-01,Winter,9.2,81,19.2,15.8,0,0,1128,131
2023-02-02,Winter,7.8,60,19.5,11.0,0,0,1253,135
2023-02-03,Winter,3.5,57,29.3,0.0,0,0,1286,80
2023-02-04,Winter,4.7,76,17.0,0.0,0,1,1467,98
2023-02-05,Winter,0.6,71,11.9,0.8,0,1,1054,65
2023-02-06,Winter,3.9,57,12.9,0.0,0,0,1563,22
2023-02-07,Winter,4.0,89,20.6,0.0,0,0,942,94
2023-02-08,Winter,3.1,60,16.9,0.0,0,0,1268,73
2023-02-09,Winter,-6.4,80,11.1,0.0,0,0,383,0
2023-02-10,Winter,4.2,62,7.4,0.0,0,0,1357,80
2023-02-11,Winter,5.0,78,4.3,6.2,0,1,534,98
2023-02-12,Winter,0.7,80,15.0,0.0,0,1,1257,20
2023-02-13,Winter,5.0,60,23.4,0.0,0,0,399,112
2023-02-14,Winter,6.5,59,9.0,0.0,0,0,2031,81
2023-02-15,Winter,-4.2,88,17.2,0.0,0,0,40,0
2023-02-16,Winter,6.9,70,9.7,1.3,0,0,1260,123
2023-02-17,Winter,1.9,81,25.6,0.0,0,0,1132,50
2023-02-18,Winter,-0.4,76,7.5,0.0,0,1,879,56
2023-02-19,Winter,4.3,82,4.6,0.0,0,1,1937,64
2023-02-20,Winter,1.0,78,3.7,0.0,0,0,1842,102
2023-02-21,Winter,2.2,65,9.6,0.0,0,0,508,74
2023-02-22,Winter,0.3,90,14.0,0.0,0,0,156,36
2023-02-23,Winter,1.6,71,10.7,0.0,0,0,1097,51
2023-02-24,Winter,-0.2,74,7.0,0.0,0,0,1176,37
2023-02-25,Winter,2.2,74,18.8,0.0,0,1,1421,56
2023-02-26,Winter,0.5,87,6.8,0.0,0,1,948,40
2023-02-27,Winter,-0.3,64,9.9,3.6,0,0,726,52
2023-02-28,Winter,8.5,68,11.4,4.7,0,0,1637,97
2023-03-01,Spring,4.9,68,7.4,0.0,0,0,890,38
2023-03-02,Spring,6.5,66,10.3,0.0,0,0,1314,103
2023-03-03,Spring,11.4,53,5.3,1.2,0,0,3021,195
2023-03-04,Spring,7.7,35,10.6,0.0,0,1,1874,113
2023-03-05,Spring,5.5,60,9.4,2.7,0,1,1885,32
2023-03-06,Spring,1.6,83,8.8,0.0,0,0,639,63
2023-03-07,Spring,8.6,66,13.0,10.6,0,0,199,60
2023-03-08,Spring,7.5,62,8.1,0.0,0,0,2172,72
2023-03-09,Spring,9.7,64,12.4,0.0,0,0,2011,113
2023-03-10,Spring,5.6,79,5.0,3.7,0,0,1317,84
2023-03-11,Spring,4.9,67,18.2,5.6,0,1,681,41
2023-03-12,Spring,-1.2,69,20.2,0.0,0,1,1477,31
2023-03-13,Spring,8.5,73,10.4,0.0,0,0,3286,125
2023-03-14,Spring,1.1,84,2.3,0.0,0,0,974,67
2023-03-15,Spring,5.0,73,7.0,0.0,0,0,1713,113
2023-03-16,Spring,8.7,69,17.5,0.0,0,0,2198,85
2023-03-17,Spring,7.3,48,11.7,0.0,0,0,1855,106
2023-03-18,Spring,6.8,48,16.2,0.0,0,1,1613,55
2023-03-19,Spring,8.9,67,6.0,0.0,0,1,2420,121
2023-03-20,Spring,1.0,64,11.1,8.5,0,0,915,40
2023-03-21,Spring,7.8,60,6.9,1.2,0,0,2446,100
2023-03-22,Spring,12.3,67,19.4,0.0,0,0,2834,166
2023-03-23,Spring,12.1,73,26.1,0.0,0,0,2588,139
2023-03-24,Spring,2.7,100,24.8,0.2,0,0,797,52
2023-03-25,Spring,11.7,54,12.5,0.0,0,1,3064,124
2023-03-26,Spring,10.0,68,20.0,0.0,0,1,2936,109
2023-03-27,Spring,5.0,96,3.4,1.2,0,0,1125,80
2023-03-28,Spring,3.8,60,5.7,0.0,0,0,1447,104
2023-03-29,Spring,8.4,73,5.6,0.8,0,0,1748,136
2023-03-30,Spring,14.1,50,5.3,5.6,0,0,2293,225
2023-03-31,Spring,11.0,79,13.7,8.6,0,0,1527,167
2023-04-01,Spring,6.0,59,13.6,15.0,0,1,987,127
2023-04-02,Spring,9.9,73,1.9,0.0,0,1,2532,150
2023-04-03,Spring,13.5,73,7.0,0.0,0,0,2244,158
2023-04-04,Spring,9.6,61,8.4,4.9,0,0,1304,89
2023-04-05,Spring,8.4,50,19.0,0.0,0,0,1367,133
2023-04-06,Spring,11.9,55,9.4,0.0,1,0,2945,165
2023-04-07,Spring,2.8,72,12.3,0.5,0,0,994,92
2023-04-08,Spring,12.2,71,39.1,0.0,0,1,2347,119
2023-04-09,Spring,5.8,77,6.2,0.0,0,1,2032,90
2023-04-10,Spring,10.6,55,7.5,0.9,0,0,2429,122
2023-04-11,Spring,12.4,80,4.6,0.0,0,0,2426,153
2023-04-12,Spring,10.7,71,31.7,0.0,0,0,1683,158
2023-04-13,Spring,8.7,66,5.4,13.1,0,0,1024,100
2023-04-14,Spring,10.2,58,1.3,0.0,0,0,2242,117
2023-04-15,Spring,14.7,51,7.6,3.7,0,1,3005,188
2023-04-16,Spring,7.0,42,18.1,0.0,0,1,2324,69
2023-04-17,Spring,8.9,60,16.7,0.0,0,0,1850,168
2023-04-18,Spring,13.4,62,6.7,0.0,0,0,2952,119
2023-04-19,Spring,15.3,80,16.1,0.0,0,0,2620,197
2023-04-20,Spring,12.6,73,19.1,11.0,0,0,1636,125
2023-04-21,Spring,10.9,51,13.5,6.3,0,0,1871,100
2023-04-22,Spring,15.5,70,6.8,0.0,0,1,4016,171
2023-04-23,Spring,11.7,52,10.3,1.3,0,1,1935,178
2023-04-24,Spring,20.8,84,15.7,17.7,0,0,2732,179
2023-04-25,Spring,18.3,92,16.7,5.9,0,0,2405,196
2023-04-26,Spring,20.5,64,10.8,2.2,0,0,3229,181
2023-04-27,Spring,10.4,60,3.1,0.0,0,0,1712,161
2023-04-28,Spring,12.3,81,8.5,0.0,0,0,2392,138
2023-04-29,Spring,13.2,70,8.5,0.0,0,1,2547,147
2023-04-30,Spring,9.8,73,16.7,0.4,0,1,1798,138
2023-05-01,Spring,12.6,68,3.6,0.0,0,0,2749,175
2023-05-02,Spring,18.1,54,3.2,0.0,0,0,4508,211
2023-05-03,Spring,11.2,74,12.2,0.0,0,0,2262,144
2023-05-04,Spring,14.0,79,10.6,8.3,0,0,2914,154
2023-05-05,Spring,20.6,63,20.9,0.0,0,0,3561,217
2023-05-06,Spring,16.5,59,20.8,7.1,0,1,3586,209
2023-05-07,Spring,17.4,58,18.6,0.0,0,1,3684,160
2023-05-08,Spring,15.7,72,6.0,0.0,0,0,3281,161
2023-05-09,Spring,13.6,77,16.4,0.0,0,0,2298,167
2023-05-10,Spring,14.7,61,21.2,13.9,0,0,2924,185
2023-05-11,Spring,17.1,48,29.3,4.1,0,0,2904,192
2023-05-12,Spring,14.2,69,13.1,0.0,0,0,2612,173
2023-05-13,Spring,16.6,59,19.8,0.0,0,1,2788,195
2023-05-14,Spring,15.0,66,20.2,0.0,0,1,3160,174
2023-05-15,Spring,16.5,86,4.4,0.0,0,0,2759,173
2023-05-16,Spring,22.6,75,7.4,0.0,0,0,4428,232
2023-05-17,Spring,19.3,38,4.7,0.0,0,0,3719,217
2023-05-18,Spring,12.5,54,2.8,0.0,0,0,2275,178
2023-05-19,Spring,16.7,63,16.9,0.0,0,0,3611,212
2023-05-20,Spring,24.2,38,19.2,0.0,0,1,4676,259
2023-05-21,Spring,24.3,34,14.4,0.0,0,1,5254,236
2023-05-22,Spring,13.6,59,16.6,1.6,0,0,1940,137
2023-05-23,Spring,19.5,55,10.7,0.0,0,0,3915,229
2023-05-24,Spring,18.1,57,13.8,0.0,0,0,3730,211
2023-05-25,Spring,9.1,69,10.2,0.0,0,0,1850,111
2023-05-26,Spring,19.4,52,13.4,0.0,0,0,3463,270
2023-05-27,Spring,25.7,53,10.0,8.8,0,1,4902,301
2023-05-28,Spring,16.0,60,36.8,0.0,0,1,2068,199
2023-05-29,Spring,17.6,72,11.1,3.0,0,0,3440,216
2023-05-30,Spring,22.3,34,7.1,3.7,0,0,4805,240
2023-05-31,Spring,17.4,66,16.5,0.0,0,0,3518,170
2023-06-01,Summer,17.5,38,10.7,3.0,0,0,3360,233
2023-06-02,Summer,20.2,41,7.7,0.0,0,0,4749,237
2023-06-03,Summer,14.1,66,2.8,0.0,0,1,2659,181
2023-06-04,Summer,21.3,62,9.6,4.4,0,1,3751,224
2023-06-05,Summer,14.8,65,4.5,0.0,0,0,3244,143
2023-06-06,Summer,19.9,58,7.6,0.0,0,0,4631,208
2023-06-07,Summer,22.7,58,15.8,0.0,0,0,4351,241
2023-06-08,Summer,25.9,46,4.8,3.3,0,0,5287,267
2023-06-09,Summer,17.2,62,8.7,7.1,0,0,3531,200
2023-06-10,Summer,20.9,74,8.1,0.0,0,1,3539,237
2023-06-11,Summer,21.1,33,6.5,0.0,0,1,5442,200
2023-06-12,Summer,13.8,59,7.4,0.0,0,0,2541,159
2023-06-13,Summer,20.0,50,15.3,5.8,0,0,3254,213
2023-06-14,Summer,21.3,39,9.2,0.0,0,0,4889,240
2023-06-15,Summer,22.5,53,7.9,0.0,0,0,4689,248
2023-06-16,Summer,27.8,52,18.4,0.0,0,0,5361,369
2023-06-17,Summer,21.1,25,1.9,4.4,0,1,4292,256
2023-06-18,Summer,20.6,31,8.5,2.2,0,1,3723,239
2023-06-19,Summer,20.6,58,10.5,0.0,0,0,3298,236
2023-06-20,Summer,20.9,55,16.4,0.0,0,0,4828,194
2023-06-21,Summer,22.8,74,28.4,3.3,0,0,3161,175
2023-06-22,Summer,26.8,50,14.1,0.0,1,0,4563,278
2023-06-23,Summer,17.4,75,7.2,0.8,0,0,3922,198
2023-06-24,Summer,21.3,53,5.2,5.5,0,1,3426,243
2023-06-25,Summer,12.7,50,18.0,0.0,0,1,2538,159
2023-06-26,Summer,15.3,65,2.8,0.0,0,0,3546,161
2023-06-27,Summer,22.0,54,13.4,0.0,0,0,3954,255
2023-06-28,Summer,13.8,62,16.0,0.0,0,0,2038,120
2023-06-29,Summer,22.7,28,11.0,0.0,0,0,4279,267
2023-06-30,Summer,26.2,60,20.4,0.0,0,0,4681,284
2023-07-01,Summer,18.5,59,8.0,0.0,0,1,4013,191
2023-07-02,Summer,19.0,63,16.2,5.4,0,1,3376,232
2023-07-03,Summer,21.6,64,6.7,0.0,0,0,4063,270
2023-07-04,Summer,19.8,80,7.3,0.0,0,0,4627,245
2023-07-05,Summer,21.5,58,7.0,0.0,0,0,4528,246
2023-07-06,Summer,19.2,59,20.4,0.0,0,0,3276,226
2023-07-07,Summer,24.8,68,10.5,0.0,0,0,4608,269
2023-07-08,Summer,22.9,71,39.6,0.0,0,1,4042,219
2023-07-09,Summer,21.5,63,46.4,0.0,0,1,3584,233
2023-07-10,Summer,13.7,60,8.4,0.0,0,0,3691,163
2023-07-11,Summer,19.3,55,5.5,0.0,0,0,3660,279
2023-07-12,Summer,21.9,51,9.0,19.9,0,0,3328,278
2023-07-13,Summer,24.3,49,17.1,0.0,0,0,4469,211
2023-07-14,Summer,19.4,70,23.8,0.0,0,0,3632,232
2023-07-15,Summer,24.0,51,17.3,0.0,0,1,4701,274
2023-07-16,Summer,24.9,64,20.4,0.0,0,1,4584,252
2023-07-17,Summer,19.7,50,6.6,1.0,0,0,4462,187
2023-07-18,Summer,24.4,68,9.1,6.3,0,0,4109,209
2023-07-19,Summer,21.1,58,13.2,0.0,0,0,3215,220
2023-07-20,Summer,17.8,77,2.6,0.0,0,0,3475,178
2023-07-21,Summer,21.6,66,1.5,15.6,1,0,3165,262
2023-07-22,Summer,26.4,60,1.5,0.0,0,1,6459,287
2023-07-23,Summer,23.1,51,4.0,0.0,0,1,5279,228
2023-07-24,Summer,21.8,53,12.7,0.0,0,0,3242,257
2023-07-25,Summer,24.7,53,12.6,9.1,0,0,4166,224
2023-07-26,Summer,24.2,55,23.0,6.2,0,0,3133,229
2023-07-27,Summer,22.3,50,6.9,4.2,0,0,3062,240
2023-07-28,Summer,15.0,70,6.8,0.0,0,0,2744,168
2023-07-29,Summer,12.5,72,4.8,18.1,0,1,1315,174
2023-07-30,Summer,15.7,60,4.4,0.0,0,1,3309,153
2023-07-31,Summer,27.3,75,2.7,0.0,0,0,5060,268
2023-08-01,Summer,23.8,58,15.8,0.0,0,0,4758,273
2023-08-02,Summer,15.7,46,7.1,0.0,0,0,3831,178
2023-08-03,Summer,24.0,55,9.4,0.0,0,0,4388,235
2023-08-04,Summer,16.1,63,6.8,0.0,0,0,3308,186
2023-08-05,Summer,21.7,55,42.5,0.0,0,1,4455,256
2023-08-06,Summer,24.2,61,9.4,0.0,0,1,4868,255
2023-08-07,Summer,20.4,49,19.2,0.0,0,0,4072,256
2023-08-08,Summer,23.6,56,12.1,15.4,0,0,2892,264
2023-08-09,Summer,23.8,56,16.2,0.0,0,0,4458,225
2023-08-10,Summer,14.6,67,6.5,0.0,0,0,2515,134
2023-08-11,Summer,20.2,54,16.2,9.8,0,0,3820,187
2023-08-12,Summer,22.1,50,23.4,0.0,0,1,4546,217
2023-08-13,Summer,18.5,59,29.1,0.0,0,1,3264,192
2023-08-14,Summer,15.3,66,10.9,0.0,0,0,2665,184
2023-08-15,Summer,25.2,53,6.7,4.1,0,0,4121,338
2023-08-16,Summer,20.9,57,23.1,1.7,0,0,3567,216
2023-08-17,Summer,17.8,46,3.8,3.6,0,0,3048,196
2023-08-18,Summer,16.6,79,8.6,0.0,0,0,4194,195
2023-08-19,Summer,19.5,47,15.2,0.0,0,1,3082,204
2023-08-20,Summer,23.7,89,16.3,0.0,0,1,4016,222
2023-08-21,Summer,17.7,59,5.9,0.0,0,0,3849,213
2023-08-22,Summer,21.1,75,17.0,0.0,0,0,4499,197
2023-08-23,Summer,20.3,54,6.8,0.0,0,0,4182,236
2023-08-24,Summer,18.4,66,12.4,0.0,0,0,3415,203
2023-08-25,Summer,19.1,62,5.4,0.0,0,0,4475,183
2023-08-26,Summer,19.2,56,7.0,0.0,0,1,3892,206
2023-08-27,Summer,15.6,48,16.5,3.8,0,1,3151,167
2023-08-28,Summer,13.7,58,4.2,0.0,0,0,3482,163
2023-08-29,Summer,21.1,42,9.8,0.0,0,0,3869,208
2023-08-30,Summer,23.6,75,4.9,0.0,0,0,4442,279
2023-08-31,Summer,20.5,48,10.7,6.4,0,0,4037,216
2023-09-01,Autumn,15.4,84,9.5,0.0,0,0,2570,183
2023-09-02,Autumn,18.3,59,17.5,22.8,0,1,2595,248
2023-09-03,Autumn,16.3,42,17.9,0.0,0,1,3166,169
2023-09-04,Autumn,13.1,87,13.2,6.8,0,0,1593,120
2023-09-05,Autumn,14.3,77,16.7,0.0,0,0,3860,164
2023-09-06,Autumn,15.7,58,7.8,0.0,0,0,3173,177
2023-09-07,Autumn,19.5,54,19.6,0.0,0,0,3682,215
2023-09-08,Autumn,13.5,57,13.7,0.0,0,0,2477,169
2023-09-09,Autumn,21.3,72,13.3,0.0,0,1,4239,253
2023-09-10,Autumn,17.3,46,4.2,0.0,0,1,3568,178
2023-09-11,Autumn,21.3,53,10.2,0.0,0,0,3862,226
2023-09-12,Autumn,20.4,72,5.5,0.0,0,0,4257,196
2023-09-13,Autumn,17.5,85,17.4,0.0,0,0,3536,168
2023-09-14,Autumn,17.1,54,16.7,0.0,0,0,3532,195
2023-09-15,Autumn,17.6,56,7.8,0.0,0,0,3675,204
2023-09-16,Autumn,17.5,53,7.7,0.0,0,1,4485,137
2023-09-17,Autumn,18.8,72,8.0,0.0,0,1,3544,199
2023-09-18,Autumn,22.6,49,7.3,0.0,0,0,4633,256
2023-09-19,Autumn,18.2,58,6.7,0.0,0,0,3153,190
2023-09-20,Autumn,21.4,65,8.7,9.6,0,0,3686,241
2023-09-21,Autumn,19.1,68,17.4,11.8,0,0,2458,205
2023-09-22,Autumn,14.3,73,21.1,0.0,0,0,3636,162
2023-09-23,Autumn,17.2,52,10.1,0.0,0,1,4018,227
2023-09-24,Autumn,17.5,63,16.0,0.0,0,1,3493,210
2023-09-25,Autumn,18.2,66,14.9,0.0,0,0,4550,202
2023-09-26,Autumn,13.6,74,33.9,0.0,0,0,2009,164
2023-09-27,Autumn,18.6,78,15.7,1.2,0,0,3660,221
2023-09-28,Autumn,12.5,76,7.9,0.0,0,0,2185,145
2023-09-29,Autumn,13.8,55,4.7,0.0,0,0,3621,157
2023-09-30,Autumn,16.5,65,22.5,0.0,0,1,3141,193
2023-10-01,Autumn,14.7,51,12.8,0.0,0,1,2906,176
2023-10-02,Autumn,10.9,83,9.0,25.8,0,0,567,144
2023-10-03,Autumn,9.3,65,10.3,3.3,0,0,1026,120
2023-10-04,Autumn,11.8,64,9.0,0.0,0,0,1833,95
2023-10-05,Autumn,11.0,70,10.3,0.0,0,0,3069,123
2023-10-06,Autumn,20.7,54,15.9,0.0,0,0,4270,220
2023-10-07,Autumn,9.4,75,7.3,0.0,0,1,1424,145
2023-10-08,Autumn,7.9,77,8.6,0.0,0,1,2588,83
2023-10-09,Autumn,20.4,63,16.8,9.4,0,0,2912,219
2023-10-10,Autumn,6.7,69,11.3,0.0,0,0,1613,124
2023-10-11,Autumn,10.3,27,7.0,0.0,0,0,2705,107
2023-10-12,Autumn,13.9,59,22.8,0.7,0,0,2799,179
2023-10-13,Autumn,12.1,71,20.0,0.9,0,0,2616,135
2023-10-14,Autumn,12.9,68,2.1,0.0,0,1,3239,150
2023-10-15,Autumn,17.1,20,13.4,0.4,1,1,3118,206
2023-10-16,Autumn,19.7,68,8.0,0.0,0,0,5156,195
2023-10-17,Autumn,12.1,76,10.2,8.3,0,0,2030,165
2023-10-18,Autumn,12.4,56,1.8,0.0,0,0,2993,125
2023-10-19,Autumn,9.9,55,6.6,0.0,0,0,2453,114
2023-10-20,Autumn,8.9,67,17.5,0.0,1,0,1475,92
2023-10-21,Autumn,9.1,53,8.6,0.0,0,1,2368,119
2023-10-22,Autumn,11.2,52,18.3,0.0,0,1,2262,135
2023-10-23,Autumn,8.5,50,13.2,0.0,0,0,2057,100
2023-10-24,Autumn,11.0,79,5.2,0.0,0,0,2095,141
2023-10-25,Autumn,8.2,66,8.1,0.0,0,0,2231,86
2023-10-26,Autumn,5.8,59,14.1,0.0,0,0,739,59
2023-10-27,Autumn,8.2,52,6.6,17.3,0,0,822,92
2023-10-28,Autumn,8.3,73,20.8,0.0,0,1,2521,117
2023-10-29,Autumn,7.2,61,15.0,0.0,0,1,1993,78
2023-10-30,Autumn,7.3,62,3.7,0.0,0,0,1789,92
2023-10-31,Autumn,10.5,62,17.5,0.0,0,0,1169,98
2023-11-01,Autumn,3.9,64,10.7,0.0,0,0,644,91
2023-11-02,Autumn,11.5,68,9.2,0.0,0,0,1569,165
2023-11-03,Autumn,6.0,80,19.6,0.0,0,0,1606,104
2023-11-04,Autumn,7.5,50,17.6,0.0,0,1,1442,70
2023-11-05,Autumn,12.2,52,9.8,0.0,0,1,2670,162
2023-11-06,Autumn,10.9,69,15.7,0.0,0,0,2191,129
2023-11-07,Autumn,1.1,59,12.6,0.0,0,0,85,55
2023-11-08,Autumn,8.5,65,4.4,0.0,0,0,2597,111
2023-11-09,Autumn,11.9,81,20.7,0.0,0,0,2575,128
2023-11-10,Autumn,3.7,75,16.1,10.6,0,0,1954,77
2023-11-11,Autumn,5.3,81,16.2,0.0,0,1,598,66
2023-11-12,Autumn,11.4,78,14.0,0.0,0,1,2522,144
2023-11-13,Autumn,2.1,83,19.3,0.0,1,0,842,68
2023-11-14,Autumn,12.6,67,27.9,0.0,0,0,3412,200
2023-11-15,Autumn,1.6,89,19.1,0.0,0,0,764,85
2023-11-16,Autumn,3.6,63,8.4,0.0,0,0,1823,11
2023-11-17,Autumn,4.1,62,16.6,0.0,0,0,716,73
2023-11-18,Autumn,4.3,77,11.4,4.0,0,1,1346,71
2023-11-19,Autumn,8.4,57,11.9,0.0,0,1,2476,134
2023-11-20,Autumn,7.0,69,7.6,0.0,0,0,1957,88
2023-11-21,Autumn,6.1,62,9.6,0.0,0,0,1985,114
2023-11-22,Autumn,6.1,81,16.1,0.0,0,0,1344,106
2023-11-23,Autumn,-0.5,79,1.9,0.0,0,0,846,29
2023-11-24,Autumn,2.8,84,15.3,0.0,0,0,1014,95
2023-11-25,Autumn,8.7,61,8.4,0.0,0,1,2123,103
2023-11-26,Autumn,0.6,51,16.0,0.0,0,1,956,28
2023-11-27,Autumn,9.5,81,10.4,9.3,0,0,729,96
2023-11-28,Autumn,3.9,89,13.5,0.0,0,0,922,75
2023-11-29,Autumn,0.8,62,4.8,0.0,0,0,1243,56
2023-11-30,Autumn,7.0,55,14.6,0.0,0,0,2231,112
2023-12-01,Winter,6.8,47,15.8,0.0,0,0,2604,95
2023-12-02,Winter,1.7,85,8.5,2.7,0,1,40,51
2023-12-03,Winter,1.9,56,4.3,0.0,0,1,1212,35
2023-12-04,Winter,0.8,74,16.4,0.0,0,0,161,72
2023-12-05,Winter,1.5,74,10.9,0.0,0,0,515,85
2023-12-06,Winter,-4.5,67,1.3,0.0,0,0,419,16
2023-12-07,Winter,1.1,68,16.3,2.1,0,0,40,18
2023-12-08,Winter,7.8,61,8.2,0.0,0,0,1818,87
2023-12-09,Winter,1.5,80,31.3,0.0,0,1,304,27
2023-12-10,Winter,4.5,85,16.9,0.0,0,1,1110,58
2023-12-11,Winter,6.0,84,8.1,0.0,0,0,2109,167
2023-12-12,Winter,3.6,52,19.2,0.0,0,0,1556,71
2023-12-13,Winter,1.2,56,4.6,0.0,0,0,405,78
2023-12-14,Winter,0.9,65,32.0,2.5,1,0,343,62
2023-12-15,Winter,0.8,76,11.7,8.0,0,0,174,40
2023-12-16,Winter,3.8,78,8.9,0.0,0,1,2377,92
2023-12-17,Winter,1.3,45,7.0,0.0,0,1,718,33
2023-12-18,Winter,5.2,69,11.0,0.0,0,0,1641,100
2023-12-19,Winter,8.7,76,4.0,11.1,0,0,1527,144
2023-12-20,Winter,4.2,69,6.4,0.0,0,0,1152,81
2023-12-21,Winter,-2.6,71,14.7,0.0,0,0,227,42
2023-12-22,Winter,3.5,47,11.9,5.0,0,0,174,63
2023-12-23,Winter,1.6,88,4.4,0.0,0,1,1069,1
2023-12-24,Winter,0.8,77,13.1,0.0,0,1,633,72
2023-12-25,Winter,-0.4,67,7.9,0.0,0,0,799,67
2023-12-26,Winter,1.2,65,17.8,0.0,0,0,1637,29
2023-12-27,Winter,13.3,73,24.3,0.0,0,0,2316,185
2023-12-28,Winter,13.0,78,23.6,0.0,0,0,1328,191
2023-12-29,Winter,8.1,64,6.7,0.0,0,0,1859,107
2023-12-30,Winter,-1.2,56,12.3,1.9,0,1,1174,77
2023-12-31,Winter,2.5,76,23.4,11.6,0,1,40,66
2024-01-01,Winter,5.7,60,4.5,0.0,0,0,2871,122
2024-01-02,Winter,0.7,69,4.9,0.0,0,0,162,74
2024-01-03,Winter,4.0,66,5.6,0.0,0,0,2005,45
2024-01-04,Winter,5.7,55,4.1,0.0,0,0,2207,83
2024-01-05,Winter,7.2,82,16.4,0.0,0,0,2361,100
2024-01-06,Winter,3.3,55,22.7,0.0,0,1,1205,103
2024-01-07,Winter,2.9,87,6.3,0.0,0,1,1448,76
2024-01-08,Winter,0.9,61,3.7,13.3,0,0,196,55
2024-01-09,Winter,0.5,69,7.8,0.0,0,0,751,25
2024-01-10,Winter,2.1,70,5.1,0.0,0,0,726,63
2024-01-11,Winter,1.2,76,17.7,0.0,0,0,568,54
2024-01-12,Winter,4.4,57,7.0,0.0,0,0,1949,68
2024-01-13,Winter,2.7,92,13.9,0.0,0,1,1379,40
2024-01-14,Winter,0.8,70,5.0,0.0,0,1,976,46
2024-01-15,Winter,6.8,88,9.5,0.0,0,0,1905,57
2024-01-16,Winter,0.5,82,14.6,0.0,0,0,557,53
2024-01-17,Winter,3.7,70,10.5,0.0,0,0,2023,29
2024-01-18,Winter,3.4,62,7.0,0.0,0,0,1183,110
2024-01-19,Winter,-0.4,78,24.2,0.0,0,0,518,29
2024-01-20,Winter,1.6,77,14.1,0.0,0,1,1232,86
2024-01-21,Winter,2.5,62,12.4,0.0,0,1,1610,74
2024-01-22,Winter,-0.3,72,25.4,0.0,0,0,699,32
2024-01-23,Winter,-2.9,83,18.1,3.2,0,0,236,25
2024-01-24,Winter,11.0,79,14.4,0.0,0,0,2545,147
2024-01-25,Winter,-0.5,72,23.4,0.0,0,0,1232,45
2024-01-26,Winter,0.7,71,5.9,0.0,0,0,1992,29
2024-01-27,Winter,0.9,63,36.0,12.0,0,1,40,41
2024-01-28,Winter,1.8,57,10.1,0.0,0,1,1538,66
2024-01-29,Winter,4.9,81,7.6,0.0,0,0,2133,112
2024-01-30,Winter,4.8,73,8.5,0.0,0,0,1941,86
2024-01-31,Winter,-0.1,70,9.0,0.0,0,0,1004,69
2024-02-01,Winter,3.3,85,4.1,0.0,0,0,1108,100
2024-02-02,Winter,4.5,80,7.6,0.0,1,0,1844,93
2024-02-03,Winter,1.5,52,17.9,0.0,0,1,1920,49
2024-02-04,Winter,6.1,41,18.1,0.0,0,1,2233,133
2024-02-05,Winter,3.2,71,6.5,4.1,0,0,856,27
2024-02-06,Winter,5.6,62,8.1,7.3,0,0,1635,104
2024-02-07,Winter,-1.1,84,18.5,16.9,0,0,40,60
2024-02-08,Winter,8.8,52,15.1,0.0,0,0,1639,34
2024-02-09,Winter,2.1,78,5.3,8.1,0,0,793,76
2024-02-10,Winter,-0.7,79,10.4,0.0,0,1,1460,22
2024-02-11,Winter,-0.2,59,14.2,0.0,0,1,122,73
2024-02-12,Winter,0.3,97,11.4,0.0,0,0,910,104
2024-02-13,Winter,4.3,60,18.0,25.0,0,0,40,67
2024-02-14,Winter,-4.6,76,1.8,0.0,0,0,147,0
2024-02-15,Winter,0.0,67,24.0,7.1,0,0,313,49
2024-02-16,Winter,7.3,63,8.4,0.0,0,0,1212,150
2024-02-17,Winter,8.0,56,17.5,0.0,0,1,2516,89
2024-02-18,Winter,0.0,63,19.3,3.9,0,1,273,36
2024-02-19,Winter,4.4,74,5.7,0.1,0,0,2079,84
2024-02-20,Winter,4.8,49,6.9,0.0,0,0,2372,101
2024-02-21,Winter,3.4,68,8.8,7.1,0,0,1367,40
2024-02-22,Winter,2.4,71,28.7,0.0,0,0,1033,84
2024-02-23,Winter,7.3,68,7.0,4.0,0,0,1953,102
2024-02-24,Winter,3.7,70,13.5,0.0,0,1,1988,41
2024-02-25,Winter,5.5,92,3.8,0.0,0,1,2737,79
2024-02-26,Winter,7.6,68,5.1,0.0,0,0,2429,95
2024-02-27,Winter,1.7,70,17.6,7.3,0,0,257,54
2024-02-28,Winter,2.0,62,11.7,9.2,0,0,391,67
2024-02-29,Winter,13.1,80,24.9,0.0,0,0,3001,149
2024-03-01,Spring,1.9,86,5.3,0.0,0,0,617,63
2024-03-02,Spring,9.5,55,28.7,3.1,0,1,1532,139
2024-03-03,Spring,9.8,54,9.0,14.1,0,1,1927,126
2024-03-04,Spring,6.2,56,7.8,2.3,0,0,2778,87
2024-03-05,Spring,4.9,81,3.0,0.0,0,0,2429,83
2024-03-06,Spring,5.8,71,21.1,0.0,0,0,1589,130
2024-03-07,Spring,3.6,79,8.9,0.0,0,0,1522,125
2024-03-08,Spring,6.4,57,11.5,0.0,0,0,1776,108
2024-03-09,Spring,5.7,68,10.3,3.3,0,1,1797,107
2024-03-10,Spring,4.8,69,12.5,6.8,0,1,2786,95
2024-03-11,Spring,5.5,82,11.8,7.7,0,0,886,83
2024-03-12,Spring,9.8,56,23.2,0.0,0,0,2570,100
2024-03-13,Spring,7.1,36,8.0,7.4,0,0,1638,135
2024-03-14,Spring,6.5,65,23.3,0.0,0,0,1884,84
2024-03-15,Spring,14.0,77,3.1,0.0,0,0,2989,87
2024-03-16,Spring,7.4,89,17.8,4.6,0,1,1584,137
2024-03-17,Spring,9.8,41,19.7,4.3,0,1,1844,136
2024-03-18,Spring,4.8,75,30.0,3.8,0,0,370,92
2024-03-19,Spring,4.3,79,8.8,0.0,0,0,1199,77
2024-03-20,Spring,9.8,69,8.8,0.0,0,0,3492,155
2024-03-21,Spring,11.6,60,12.5,5.9,0,0,1472,112
2024-03-22,Spring,-2.0,79,10.1,5.3,0,0,445,63
2024-03-23,Spring,10.9,65,16.0,0.0,0,1,2968,118
2024-03-24,Spring,11.4,84,18.4,0.0,0,1,2290,176
2024-03-25,Spring,9.0,60,7.3,3.2,0,0,1339,149
2024-03-26,Spring,11.2,88,2.9,5.9,0,0,2196,149
2024-03-27,Spring,5.5,69,10.1,14.1,0,0,321,72
2024-03-28,Spring,10.7,59,9.3,0.0,0,0,1859,97
2024-03-29,Spring,5.6,82,10.0,0.0,0,0,2166,70
2024-03-30,Spring,8.8,67,6.7,0.0,0,1,2293,175
2024-03-31,Spring,8.4,78,8.5,0.0,0,1,1479,141
2024-04-01,Spring,10.4,73,14.9,0.0,0,0,2680,132
2024-04-02,Spring,5.4,64,30.0,5.6,0,0,915,80
2024-04-03,Spring,11.1,63,8.9,0.0,0,0,3319,161
2024-04-04,Spring,11.6,89,20.3,15.7,0,0,714,142
2024-04-05,Spring,14.5,51,28.4,0.0,0,0,3254,194
2024-04-06,Spring,8.6,72,2.7,0.0,1,1,2835,126
2024-04-07,Spring,12.5,79,17.6,0.0,0,1,3644,184
2024-04-08,Spring,8.7,75,16.5,0.0,0,0,2722,84
2024-04-09,Spring,12.9,80,3.0,3.0,0,0,2756,177
2024-04-10,Spring,9.1,57,29.8,1.2,0,0,1809,114
2024-04-11,Spring,7.7,78,12.9,0.0,0,0,2679,104
2024-04-12,Spring,9.6,80,18.1,6.5,0,0,1862,144
2024-04-13,Spring,17.2,43,10.8,0.0,0,1,4886,210
2024-04-14,Spring,17.0,68,3.3,0.0,0,1,3348,194
2024-04-15,Spring,12.4,60,4.1,0.0,0,0,3185,119
2024-04-16,Spring,12.8,57,15.1,0.0,0,0,3509,150
2024-04-17,Spring,13.9,74,23.6,0.0,0,0,3173,190
2024-04-18,Spring,7.5,72,18.1,0.0,0,0,2468,124
2024-04-19,Spring,19.8,77,2.1,0.0,0,0,4064,238
2024-04-20,Spring,9.8,72,9.7,0.0,0,1,2412,164
2024-04-21,Spring,9.0,46,14.2,12.5,0,1,1518,113
2024-04-22,Spring,12.8,58,9.9,0.0,0,0,2943,160
2024-04-23,Spring,10.2,71,12.6,0.0,0,0,2246,124
2024-04-24,Spring,14.8,73,15.0,12.3,0,0,2378,146
2024-04-25,Spring,16.1,56,10.3,0.0,0,0,4289,187
2024-04-26,Spring,12.9,71,5.0,0.0,0,0,3327,143
2024-04-27,Spring,14.8,55,8.1,1.9,0,1,3859,215
2024-04-28,Spring,12.3,80,7.3,0.0,0,1,3290,125
2024-04-29,Spring,8.7,70,7.0,0.0,0,0,3188,80
2024-04-30,Spring,10.4,71,7.9,0.0,0,0,2625,137
2024-05-01,Spring,21.8,27,6.1,4.7,0,0,4708,228
2024-05-02,Spring,14.7,64,7.6,2.5,0,0,2356,213
2024-05-03,Spring,8.9,69,20.5,11.4,0,0,282,140
2024-05-04,Spring,11.5,56,8.1,0.0,0,1,3237,151
2024-05-05,Spring,12.6,58,13.7,0.0,0,1,3501,160
2024-05-06,Spring,18.3,69,13.4,8.9,0,0,3860,262
2024-05-07,Spring,16.3,54,27.4,4.7,0,0,3579,171
2024-05-08,Spring,21.0,61,8.5,0.0,0,0,5128,243
2024-05-09,Spring,22.8,34,15.2,2.0,0,0,5127,299
2024-05-10,Spring,18.5,68,4.6,0.0,0,0,4073,186
2024-05-11,Spring,18.4,38,4.6,2.2,0,1,4719,233
2024-05-12,Spring,20.9,36,6.1,0.0,0,1,4977,179
2024-05-13,Spring,15.4,62,20.4,0.0,0,0,3783,226
2024-05-14,Spring,16.0,52,6.7,0.0,0,0,2908,195
2024-05-15,Spring,11.4,49,32.8,3.9,0,0,2404,87
2024-05-16,Spring,20.0,64,20.0,0.0,0,0,3798,220
2024-05-17,Spring,14.4,59,3.7,0.0,0,0,3438,211
2024-05-18,Spring,18.5,77,6.6,0.0,0,1,3985,218
2024-05-19,Spring,26.1,57,13.8,0.0,0,1,5593,276
2024-05-20,Spring,13.2,77,14.5,0.0,0,0,2995,200
2024-05-21,Spring,16.3,51,11.3,2.6,0,0,3978,239
2024-05-22,Spring,14.5,66,4.5,0.0,0,0,2997,195
2024-05-23,Spring,14.2,98,13.3,0.0,0,0,2763,150
2024-05-24,Spring,20.8,65,22.6,0.0,0,0,4241,250
2024-05-25,Spring,12.8,54,5.3,0.0,0,1,2942,170
2024-05-26,Spring,19.6,54,4.7,0.0,0,1,5673,223
2024-05-27,Spring,19.0,56,7.7,3.9,0,0,4440,227
2024-05-28,Spring,22.5,65,9.4,0.0,0,0,5101,282
2024-05-29,Spring,12.7,39,2.7,0.0,0,0,3097,129
2024-05-30,Spring,14.7,73,23.4,0.0,0,0,3056,143
2024-05-31,Spring,22.6,63,14.7,0.0,0,0,4589,239
2024-06-01,Summer,12.9,60,7.4,0.0,0,1,3620,128
2024-06-02,Summer,19.9,70,5.7,0.0,0,1,4777,245
2024-06-03,Summer,23.4,30,19.6,5.5,0,0,5231,253
2024-06-04,Summer,14.2,84,7.2,0.0,0,0,3326,134
2024-06-05,Summer,15.9,64,36.8,0.0,0,0,2809,166
2024-06-06,Summer,22.8,70,9.1,0.0,0,0,5453,305
2024-06-07,Summer,15.4,52,10.5,0.0,0,0,4677,199
2024-06-08,Summer,22.8,63,4.4,0.0,0,1,5169,246
2024-06-09,Summer,24.1,58,8.3,0.0,0,1,5779,255
2024-06-10,Summer,20.2,72,19.2,2.8,0,0,3732,227
2024-06-11,Summer,19.9,45,27.4,8.6,0,0,3425,238
2024-06-12,Summer,20.1,87,5.8,0.0,0,0,4648,212
2024-06-13,Summer,18.0,66,7.1,0.0,0,0,4025,261
2024-06-14,Summer,23.2,78,13.7,0.0,0,0,4433,267
2024-06-15,Summer,23.0,61,17.0,14.1,1,1,3798,225
2024-06-16,Summer,20.6,61,15.9,5.1,0,1,4223,232
2024-06-17,Summer,21.7,61,20.1,0.0,0,0,5224,257
2024-06-18,Summer,15.9,75,29.2,0.0,0,0,2775,165
2024-06-19,Summer,17.5,71,24.5,0.0,0,0,4078,186
2024-06-20,Summer,13.4,54,20.4,0.0,0,0,3133,176
2024-06-21,Summer,18.9,55,3.7,0.0,0,0,4342,251
2024-06-22,Summer,24.0,64,19.0,0.0,0,1,4261,246
2024-06-23,Summer,22.0,46,5.6,0.0,1,1,4864,224
2024-06-24,Summer,19.3,67,25.0,3.4,0,0,3712,176
2024-06-25,Summer,19.8,53,12.6,0.0,0,0,4192,276
2024-06-26,Summer,19.8,72,14.1,0.0,0,0,4501,253
2024-06-27,Summer,24.9,64,20.9,3.0,0,0,4205,224
2024-06-28,Summer,17.2,69,7.7,2.7,0,0,4423,233
2024-06-29,Summer,25.6,55,6.5,0.0,0,1,5683,239
2024-06-30,Summer,23.2,72,2.4,0.0,0,1,5700,283
2024-07-01,Summer,16.3,60,23.7,0.0,1,0,3026,198
2024-07-02,Summer,23.6,76,14.3,0.0,0,0,4353,253
2024-07-03,Summer,24.1,45,13.3,0.0,0,0,5518,250
2024-07-04,Summer,20.2,65,22.8,0.0,1,0,3699,246
2024-07-05,Summer,27.9,51,24.6,0.0,0,0,6219,282
2024-07-06,Summer,18.9,80,2.8,2.4,0,1,4985,214
2024-07-07,Summer,20.4,70,5.5,7.0,0,1,3950,223
2024-07-08,Summer,22.5,69,10.1,1.5,0,0,5091,267
2024-07-09,Summer,23.5,52,14.9,0.0,0,0,5432,248
2024-07-10,Summer,21.2,60,6.0,0.0,0,0,4090,232
2024-07-11,Summer,25.0,46,7.2,0.0,0,0,5170,309
2024-07-12,Summer,19.7,52,7.7,0.0,0,0,4850,241
2024-07-13,Summer,23.6,75,10.2,8.9,1,1,4638,282
2024-07-14,Summer,21.3,47,6.4,13.4,0,1,4444,250
2024-07-15,Summer,21.9,64,6.2,0.0,0,0,4753,221
2024-07-16,Summer,18.4,73,1.4,10.0,0,0,3936,166
2024-07-17,Summer,21.4,68,20.9,0.0,0,0,4411,240
2024-07-18,Summer,16.4,83,28.5,0.0,0,0,3166,194
2024-07-19,Summer,16.7,43,14.7,0.0,0,0,3331,185
2024-07-20,Summer,21.1,73,15.2,0.0,0,1,4768,235
2024-07-21,Summer,24.5,79,21.8,0.0,0,1,5618,261
2024-07-22,Summer,18.1,50,1.2,0.0,0,0,4409,236
2024-07-23,Summer,23.3,58,28.0,0.0,0,0,4990,248
2024-07-24,Summer,29.4,52,12.5,0.0,0,0,6331,286
2024-07-25,Summer,23.5,50,9.9,9.3,0,0,4749,264
2024-07-26,Summer,23.7,67,11.7,0.6,0,0,4908,218
2024-07-27,Summer,21.0,51,11.2,0.0,0,1,5954,195
2024-07-28,Summer,14.7,67,5.0,0.0,0,1,2494,163
2024-07-29,Summer,19.9,67,15.5,0.0,1,0,3791,230
2024-07-30,Summer,21.6,41,12.1,7.9,0,0,4222,241
2024-07-31,Summer,17.4,52,10.0,7.8,0,0,3521,192
2024-08-01,Summer,21.9,56,3.6,0.0,0,0,4545,235
2024-08-02,Summer,18.7,77,11.5,3.4,0,0,4001,195
2024-08-03,Summer,24.1,57,10.1,0.0,0,1,5307,284
2024-08-04,Summer,21.5,62,14.8,0.0,0,1,4865,200
2024-08-05,Summer,21.9,39,5.1,0.0,0,0,5060,240
2024-08-06,Summer,22.4,86,11.5,0.0,0,0,4145,269
2024-08-07,Summer,20.4,63,10.2,0.0,0,0,3796,201
2024-08-08,Summer,26.4,66,11.1,0.0,0,0,5881,285
2024-08-09,Summer,16.9,79,19.1,4.5,0,0,2753,193
2024-08-10,Summer,17.9,69,16.5,0.0,0,1,3745,202
2024-08-11,Summer,20.5,53,4.9,0.0,0,1,5475,275
2024-08-12,Summer,21.1,50,11.6,2.2,0,0,4601,223
2024-08-13,Summer,15.9,82,27.9,0.0,0,0,3369,219
2024-08-14,Summer,23.9,41,11.5,2.8,0,0,4923,277
2024-08-15,Summer,19.7,74,17.2,0.0,0,0,3647,253
2024-08-16,Summer,22.5,83,7.4,0.0,0,0,4432,283
2024-08-17,Summer,18.2,57,27.0,4.6,0,1,3807,202
2024-08-18,Summer,18.3,58,33.9,1.2,0,1,4166,246
2024-08-19,Summer,21.0,70,8.9,0.0,0,0,4583,261
2024-08-20,Summer,18.4,70,8.6,0.0,0,0,4704,242
2024-08-21,Summer,17.5,67,13.7,0.0,0,0,4280,231
2024-08-22,Summer,20.7,97,9.2,0.0,0,0,4719,252
2024-08-23,Summer,22.3,57,17.4,0.0,0,0,5563,270
2024-08-24,Summer,18.7,80,16.8,1.2,0,1,3705,218
2024-08-25,Summer,20.8,94,10.2,0.0,1,1,4546,232
2024-08-26,Summer,16.5,68,9.8,0.0,0,0,4682,182
2024-08-27,Summer,20.5,54,9.3,0.0,0,0,4824,254
2024-08-28,Summer,16.0,94,5.0,16.6,0,0,2182,146
2024-08-29,Summer,20.0,59,11.6,11.7,0,0,3728,201
2024-08-30,Summer,15.2,81,3.6,0.0,0,0,3949,207
2024-08-31,Summer,19.4,46,10.6,0.0,0,1,4876,247
2024-09-01,Autumn,21.9,65,12.4,0.0,0,1,5129,178
2024-09-02,Autumn,18.7,37,8.7,0.0,0,0,4512,200
2024-09-03,Autumn,12.5,48,11.5,0.0,0,0,3018,117
2024-09-04,Autumn,23.1,43,4.7,0.0,0,0,5228,223
2024-09-05,Autumn,15.7,62,7.3,0.0,0,0,4002,176
2024-09-06,Autumn,10.1,76,4.1,0.0,0,0,2527,119
2024-09-07,Autumn,24.0,73,18.4,7.7,0,1,4616,287
2024-09-08,Autumn,15.3,58,28.6,0.0,0,1,3404,211
2024-09-09,Autumn,19.6,39,7.1,0.0,0,0,4780,244
2024-09-10,Autumn,18.0,20,5.1,0.0,0,0,5407,206
2024-09-11,Autumn,23.6,61,25.7,3.9,0,0,5534,258
2024-09-12,Autumn,22.4,55,13.0,0.0,0,0,4370,235
2024-09-13,Autumn,10.7,59,12.5,0.0,0,0,2804,152
2024-09-14,Autumn,18.1,73,7.1,9.6,0,1,4248,217
2024-09-15,Autumn,12.7,75,5.2,12.8,0,1,1810,199
2024-09-16,Autumn,16.0,83,17.1,6.4,0,0,2964,165
2024-09-17,Autumn,15.4,82,4.2,2.3,0,0,3071,200
2024-09-18,Autumn,15.3,83,6.7,5.7,0,0,2940,197
2024-09-19,Autumn,11.5,67,8.2,0.0,0,0,2996,145
2024-09-20,Autumn,17.8,53,6.2,0.0,0,0,4658,197
2024-09-21,Autumn,18.3,51,8.3,0.0,0,1,5235,211
2024-09-22,Autumn,18.1,59,14.4,0.0,0,1,5040,209
2024-09-23,Autumn,21.7,64,12.2,1.2,0,0,4974,210
2024-09-24,Autumn,14.3,43,5.8,3.9,0,0,3215,163
2024-09-25,Autumn,11.7,63,16.8,0.0,0,0,2849,150
2024-09-26,Autumn,14.9,68,6.4,0.0,0,0,2788,173
2024-09-27,Autumn,5.6,88,5.6,0.0,0,0,1847,114
2024-09-28,Autumn,13.3,61,5.1,0.0,0,1,3647,153
2024-09-29,Autumn,9.8,63,9.7,0.0,0,1,2987,144
2024-09-30,Autumn,10.0,62,9.4,0.0,1,0,2557,149
2024-10-01,Autumn,9.1,83,14.5,0.0,0,0,2618,154
2024-10-02,Autumn,9.2,45,17.8,0.0,0,0,3077,153
2024-10-03,Autumn,14.2,73,15.0,0.0,0,0,2995,203
2024-10-04,Autumn,7.2,52,2.8,0.0,0,0,1923,149
2024-10-05,Autumn,9.4,64,21.8,0.0,0,1,2281,121
2024-10-06,Autumn,12.9,78,10.1,0.0,0,1,3344,173
2024-10-07,Autumn,11.5,62,18.7,3.6,0,0,2685,88
2024-10-08,Autumn,16.8,63,21.2,0.0,0,0,3927,206
2024-10-09,Autumn,12.4,54,3.5,0.0,0,0,3249,108
2024-10-10,Autumn,18.9,42,4.6,0.9,0,0,3784,208
2024-10-11,Autumn,14.7,82,17.1,0.0,0,0,3182,164
2024-10-12,Autumn,7.9,65,11.0,0.9,0,1,2236,80
2024-10-13,Autumn,10.9,69,8.4,0.0,0,1,3811,126
2024-10-14,Autumn,16.6,58,7.3,0.0,0,0,4740,158
2024-10-15,Autumn,6.5,68,18.9,0.0,0,0,1367,134
2024-10-16,Autumn,7.6,70,10.9,2.6,0,0,2126,58
2024-10-17,Autumn,4.4,76,8.1,6.3,0,0,910,127
2024-10-18,Autumn,10.2,55,4.9,0.0,0,0,3232,123
2024-10-19,Autumn,13.7,59,13.6,4.1,0,1,3918,155
2024-10-20,Autumn,14.1,69,1.7,3.0,0,1,3310,162
2024-10-21,Autumn,9.4,65,9.9,6.5,0,0,1534,116
2024-10-22,Autumn,5.3,71,8.4,0.0,0,0,1654,129
2024-10-23,Autumn,10.6,61,4.5,0.0,0,0,3007,167
2024-10-24,Autumn,9.0,72,20.3,0.0,0,0,2055,121
2024-10-25,Autumn,12.2,62,9.1,0.0,0,0,3093,180
2024-10-26,Autumn,10.1,42,7.7,0.5,0,1,3103,99
2024-10-27,Autumn,13.3,54,15.6,0.0,0,1,4613,167
2024-10-28,Autumn,7.0,76,4.9,0.0,0,0,2409,97
2024-10-29,Autumn,9.0,100,3.4,0.0,0,0,1784,89
2024-10-30,Autumn,8.3,60,20.1,1.9,1,0,1370,93
2024-10-31,Autumn,7.0,46,5.6,5.6,0,0,1765,127
2024-11-01,Autumn,10.0,76,4.9,0.0,0,0,2342,138
2024-11-02,Autumn,2.3,100,25.9,0.9,0,1,1031,33
2024-11-03,Autumn,2.8,63,10.2,0.0,0,1,1721,76
2024-11-04,Autumn,-0.7,72,5.8,0.0,0,0,534,5
2024-11-05,Autumn,7.9,66,5.8,0.0,0,0,2773,149
2024-11-06,Autumn,10.4,84,13.1,0.0,0,0,2716,81
2024-11-07,Autumn,8.9,44,18.6,0.0,0,0,2015,144
2024-11-08,Autumn,12.9,77,15.5,0.0,0,0,3758,121
2024-11-09,Autumn,7.6,70,9.2,4.6,0,1,1581,114
2024-11-10,Autumn,3.9,71,21.7,12.3,0,1,693,54
2024-11-11,Autumn,8.1,67,20.3,0.0,0,0,2096,146
2024-11-12,Autumn,7.4,78,5.6,0.0,0,0,1850,77
2024-11-13,Autumn,7.3,82,12.4,0.0,0,0,2273,80
2024-11-14,Autumn,10.4,51,20.8,0.0,1,0,2524,153
2024-11-15,Autumn,3.5,69,8.9,0.0,0,0,1773,98
2024-11-16,Autumn,3.5,82,6.5,0.0,0,1,1895,51
2024-11-17,Autumn,6.0,54,12.9,2.2,0,1,961,134
2024-11-18,Autumn,10.2,80,10.4,0.0,0,0,2310,159
2024-11-19,Autumn,3.2,83,21.1,5.2,0,0,1136,91
2024-11-20,Autumn,10.4,67,16.4,0.0,0,0,3129,115
2024-11-21,Autumn,10.4,49,15.9,0.0,0,0,2861,118
2024-11-22,Autumn,4.2,59,8.9,0.0,0,0,2375,66
2024-11-23,Autumn,3.2,66,6.0,0.0,0,1,1838,87
2024-11-24,Autumn,5.0,76,17.6,0.0,0,1,1744,87
2024-11-25,Autumn,-0.2,74,7.7,5.5,0,0,547,59
2024-11-26,Autumn,10.4,67,11.4,13.5,0,0,1912,144
2024-11-27,Autumn,5.6,79,18.7,0.0,0,0,2160,161
2024-11-28,Autumn,8.6,68,3.4,0.0,1,0,1924,123
2024-11-29,Autumn,2.5,69,9.9,0.0,0,0,1715,65
2024-11-30,Autumn,5.3,70,35.4,7.4,0,1,618,76
2024-12-01,Winter,3.9,73,13.9,7.4,0,1,882,111
2024-12-02,Winter,10.0,61,6.4,0.0,0,0,3067,116
2024-12-03,Winter,0.5,62,14.4,0.0,0,0,778,48
2024-12-04,Winter,8.3,64,6.0,22.0,0,0,272,117
2024-12-05,Winter,4.2,72,1.2,0.0,0,0,2140,98
2024-12-06,Winter,3.8,51,7.9,2.6,0,0,2187,94
2024-12-07,Winter,-2.2,69,13.1,5.5,0,1,40,30
2024-12-08,Winter,3.2,63,8.1,0.0,0,1,1987,26
2024-12-09,Winter,2.2,54,2.8,0.0,0,0,1215,46
2024-12-10,Winter,5.5,81,14.9,0.0,0,0,1991,86
2024-12-11,Winter,1.7,66,18.3,0.0,0,0,1724,34
2024-12-12,Winter,1.1,42,12.2,22.3,0,0,40,49
2024-12-13,Winter,6.4,83,8.8,2.7,0,0,1976,109
2024-12-14,Winter,3.9,74,15.9,0.0,0,1,2499,56
2024-12-15,Winter,1.5,37,9.0,0.0,0,1,853,67
2024-12-16,Winter,3.7,77,8.0,0.0,0,0,914,71
2024-12-17,Winter,4.7,74,7.4,0.0,0,0,1621,112
2024-12-18,Winter,2.2,70,13.9,0.0,0,0,1809,66
2024-12-19,Winter,2.4,81,24.2,0.0,0,0,906,84
2024-12-20,Winter,8.0,60,6.1,15.0,0,0,959,126
2024-12-21,Winter,2.4,83,16.7,0.0,0,1,1208,49
2024-12-22,Winter,-5.0,66,12.7,10.7,0,1,40,3
2024-12-23,Winter,5.4,70,10.6,0.0,0,0,1706,65
2024-12-24,Winter,7.0,64,18.2,0.0,0,0,2090,155
2024-12-25,Winter,5.9,69,22.7,4.9,0,0,1306,91
2024-12-26,Winter,5.6,65,6.0,0.0,0,0,2760,71
2024-12-27,Winter,-4.8,61,9.8,0.0,0,0,647,5
2024-12-28,Winter,-0.9,74,14.6,0.0,0,1,1560,67
2024-12-29,Winter,2.4,65,5.3,0.0,0,1,1664,57
2024-12-30,Winter,2.6,73,12.3,0.0,0,0,1367,86
2024-12-31,Winter,1.9,52,1.9,0.0,0,0,1447,47
