customer_id,signup_date,country,age,segment,acquisition_channel
C0001,2023-08-15,South Africa,27,Consumer,Email
C0002,2024-11-19,Australia,21,Consumer,Referral
C0003,2024-05-23,United States,48,Small business,Direct
C0004,2023-09-20,Australia,34,Consumer,Direct
C0005,2023-04-09,United Kingdom,22,Consumer,Social media
C0006,2024-07-26,South Africa,21,Consumer,Search
C0007,2023-10-18,Japan,35,Small business,Referral
C0008,2024-03-07,Brazil,38,Small business,Search
C0009,2024-03-28,United States,39,Consumer,Search
C0010,2023-08-03,Germany,24,Small business,Direct
C0011,2023-09-24,Brazil,22,Consumer,Social media
C0012,2024-11-04,Mexico,18,Consumer,Referral
C0013,2024-07-20,United States,40,Consumer,Referral
C0014,2024-09-26,United Kingdom,35,Consumer,Social media
C0015,2023-04-09,France,52,Consumer,Referral
C0016,2023-09-23,South Africa,32,Consumer,Referral
C0017,2023-02-23,South Africa,39,Small business,Email
C0018,2024-12-11,United Kingdom,30,Consumer,Social media
C0019,2024-04-29,Australia,19,Consumer,Search
C0020,2023-06-13,United States,48,Small business,Search
C0021,2024-08-17,United States,19,Consumer,Search
C0022,2024-08-11,Brazil,44,Consumer,Social media
C0023,2023-08-23,Germany,49,Small business,Referral
C0024,2024-05-12,Brazil,24,Consumer,Social media
C0025,2023-03-15,Germany,31,Consumer,Direct
C0026,2023-12-10,United States,34,Consumer,Social media
C0027,2024-02-09,United States,30,Consumer,Social media
C0028,2023-01-23,United States,45,Consumer,Search
C0029,2024-07-08,Japan,18,Consumer,Direct
C0030,2024-10-15,United States,21,Consumer,Social media
C0031,2024-05-30,United States,37,Small business,Referral
C0032,2024-02-23,United States,25,Consumer,Search
C0033,2024-12-15,Japan,43,Consumer,Referral
C0034,2023-10-12,Brazil,25,Consumer,Search
C0035,2023-10-30,United States,28,Consumer,Referral
C0036,2023-09-16,United States,50,Small business,Direct
C0037,2023-11-30,United States,28,Small business,Social media
C0038,2024-04-20,United States,24,Consumer,Referral
C0039,2023-12-27,Germany,33,Consumer,Email
C0040,2023-09-11,Mexico,36,Consumer,Social media
C0041,2024-03-19,Mexico,36,Consumer,Social media
C0042,2024-01-06,South Africa,33,Consumer,Social media
C0043,2023-02-13,United States,54,Small business,Social media
C0044,2023-09-28,France,25,Corporate,Search
C0045,2023-09-12,United Kingdom,35,Consumer,Search
C0046,2023-02-10,India,42,Consumer,Social media
C0047,2023-01-25,United Kingdom,23,Small business,Referral
C0048,2023-07-02,Australia,45,Corporate,Search
C0049,2023-06-30,United Kingdom,42,Small business,Direct
C0050,2024-09-05,Nigeria,24,Consumer,Social media
C0051,2024-10-14,United States,49,Consumer,Referral
C0052,2024-08-20,Germany,49,Corporate,Search
C0053,2023-12-11,France,22,Consumer,Referral
C0054,2024-05-02,United States,44,Consumer,Search
C0055,2024-05-03,United States,29,Consumer,Referral
C0056,2023-12-10,United States,34,Consumer,Direct
C0057,2023-11-03,Canada,41,Consumer,Social media
C0058,2024-12-08,South Africa,41,Consumer,Direct
C0059,2023-11-28,India,33,Small business,Social media
C0060,2024-09-05,Germany,27,Consumer,Social media
C0061,2023-10-18,United States,47,Consumer,Direct
C0062,2023-06-28,United States,29,Consumer,Email
C0063,2024-09-18,United States,34,Consumer,Direct
C0064,2024-02-19,India,29,Consumer,Direct
C0065,2024-03-01,United Kingdom,36,Consumer,Search
C0066,2024-11-28,United Kingdom,26,Small business,Social media
C0067,2023-03-09,Brazil,37,Small business,Search
C0068,2024-07-27,Nigeria,36,Consumer,Search
C0069,2023-06-08,United States,40,Consumer,Email
C0070,2023-09-27,United States,43,Small business,Search
C0071,2024-09-01,United States,57,Consumer,Search
C0072,2023-12-10,Japan,35,Consumer,Search
C0073,2023-05-12,Germany,36,Consumer,Search
C0074,2024-01-14,Japan,31,Small business,Search
C0075,2024-07-08,India,27,Consumer,Social media
C0076,2024-10-20,United States,51,Consumer,Referral
C0077,2023-03-08,Canada,30,Consumer,Search
C0078,2024-06-05,United States,19,Small business,Email
C0079,2024-07-28,Japan,28,Consumer,Referral
C0080,2023-10-18,United States,45,Consumer,Referral
C0081,2023-06-15,United States,23,Consumer,Social media
C0082,2023-12-04,Japan,52,Consumer,Direct
C0083,2023-05-08,Japan,45,Consumer,Social media
C0084,2023-03-09,Brazil,37,Small business,Social media
C0085,2023-07-05,India,29,Consumer,Social media
C0086,2023-12-26,Canada,29,Consumer,Email
C0087,2024-04-15,United States,44,Consumer,Email
C0088,2023-06-17,United States,39,Consumer,Search
C0089,2023-07-23,Germany,31,Consumer,Direct
C0090,2023-03-09,Brazil,18,Small business,Referral
C0091,2023-12-24,United States,41,Consumer,Search
C0092,2023-03-08,Australia,21,Consumer,Referral
C0093,2023-08-17,Nigeria,41,Consumer,Social media
C0094,2023-06-07,Germany,32,Consumer,Direct
C0095,2023-01-03,United Kingdom,32,Consumer,Search
C0096,2024-05-25,United States,33,Consumer,Direct
C0097,2023-01-20,Japan,27,Consumer,Referral
C0098,2023-05-11,Germany,34,Consumer,Social media
C0099,2023-10-07,South Africa,42,Consumer,Social media
C0100,2024-02-19,India,37,Small business,Social media
C0101,2024-12-18,Brazil,42,Consumer,Social media
C0102,2024-03-15,United Kingdom,34,Small business,Social media
C0103,2023-08-23,India,35,Consumer,Social media
C0104,2024-12-06,Australia,26,Small business,Search
C0105,2024-06-18,United Kingdom,22,Consumer,Email
C0106,2023-12-01,Brazil,56,Consumer,Social media
C0107,2023-10-22,South Africa,40,Consumer,Direct
C0108,2024-07-19,Germany,49,Small business,Referral
C0109,2023-01-29,United States,31,Consumer,Search
C0110,2023-01-26,Mexico,55,Consumer,Referral
C0111,2023-01-17,United States,57,Small business,Social media
C0112,2024-04-15,South Africa,30,Small business,Search
C0113,2023-11-06,Mexico,46,Consumer,Direct
C0114,2024-12-16,United Kingdom,18,Corporate,Social media
C0115,2024-04-01,India,31,Consumer,Referral
C0116,2023-02-04,United States,36,Consumer,Referral
C0117,2024-11-05,Brazil,41,Corporate,Direct
C0118,2024-10-24,United States,45,Consumer,Social media
C0119,2023-07-02,Japan,33,Consumer,Search
C0120,2023-04-24,United States,42,Consumer,Direct
C0121,2023-03-30,Mexico,35,Small business,Social media
C0122,2024-05-07,United States,59,Consumer,Social media
C0123,2023-02-26,Germany,18,Consumer,Search
C0124,2023-01-19,United States,32,Small business,Direct
C0125,2023-08-28,Germany,38,Small business,Social media
C0126,2023-02-14,United States,38,Consumer,Direct
C0127,2023-06-04,Mexico,18,Consumer,Referral
C0128,2023-04-09,Japan,26,Corporate,Social media
C0129,2024-10-08,South Africa,43,Small business,Search
C0130,2024-10-19,India,40,Consumer,Direct
C0131,2023-05-06,Brazil,18,Consumer,Social media
C0132,2024-07-25,India,31,Consumer,Direct
C0133,2023-03-05,South Africa,39,Corporate,Search
C0134,2024-04-28,India,35,Consumer,Direct
C0135,2024-11-05,France,31,Corporate,Search
C0136,2024-04-19,United Kingdom,18,Corporate,Social media
C0137,2023-06-17,Australia,21,Consumer,Direct
C0138,2023-08-03,France,31,Consumer,Social media
C0139,2024-10-21,Germany,50,Consumer,Referral
C0140,2024-01-21,United States,28,Consumer,Direct
C0141,2023-02-15,United States,36,Small business,Search
C0142,2023-12-18,Japan,25,Consumer,Social media
C0143,2024-01-13,Mexico,36,Small business,Search
C0144,2024-11-25,United States,50,Consumer,Search
C0145,2024-10-04,India,33,Consumer,Email
C0146,2023-11-28,Canada,34,Consumer,Search
C0147,2023-07-23,United States,48,Consumer,Social media
C0148,2024-06-29,Nigeria,25,Consumer,Social media
C0149,2024-10-19,United States,36,Consumer,Social media
C0150,2023-09-19,Canada,27,Consumer,Search
C0151,2023-04-12,India,46,Consumer,Search
C0152,2024-11-06,Australia,32,Consumer,Referral
C0153,2023-06-11,Brazil,48,Small business,Search
C0154,2024-09-14,United States,56,Small business,Social media
C0155,2024-11-21,United States,27,Consumer,Search
C0156,2024-12-25,Canada,50,Consumer,Search
C0157,2024-07-19,Nigeria,51,Corporate,Direct
C0158,2023-06-15,India,34,Small business,Direct
C0159,2023-08-23,Nigeria,27,Consumer,Search
C0160,2024-09-27,South Africa,48,Consumer,Direct
C0161,2023-09-03,India,36,Consumer,Referral
C0162,2023-12-15,United Kingdom,32,Consumer,Social media
C0163,2024-04-26,United States,39,Consumer,Email
C0164,2024-01-07,Brazil,34,Consumer,Email
C0165,2024-09-12,Mexico,39,Consumer,Direct
C0166,2024-01-31,United States,47,Consumer,Search
C0167,2024-03-22,India,41,Consumer,Email
C0168,2023-03-09,South Africa,28,Consumer,Direct
C0169,2024-04-12,France,39,Consumer,Direct
C0170,2024-10-05,Australia,26,Consumer,Direct
C0171,2023-11-18,United Kingdom,22,Consumer,Email
C0172,2024-03-17,United States,38,Consumer,Social media
C0173,2023-08-02,France,45,Consumer,Referral
C0174,2023-03-18,Japan,18,Small business,Direct
C0175,2023-10-23,United States,49,Consumer,Search
C0176,2024-06-23,United States,62,Consumer,Email
C0177,2023-08-23,United States,56,Consumer,Search
C0178,2023-03-24,Brazil,18,Consumer,Search
C0179,2023-07-27,India,43,Consumer,Social media
C0180,2023-10-06,Germany,38,Consumer,Referral
C0181,2023-12-07,South Africa,46,Consumer,Direct
C0182,2024-05-03,France,52,Consumer,Search
C0183,2023-03-27,India,39,Consumer,Social media
C0184,2023-12-06,United States,18,Consumer,Search
C0185,2024-07-10,United States,29,Small business,Direct
C0186,2023-02-17,India,38,Consumer,Email
C0187,2024-11-03,Nigeria,39,Consumer,Search
C0188,2024-03-30,Australia,44,Consumer,Search
C0189,2024-01-08,Mexico,38,Small business,Search
C0190,2023-09-25,United Kingdom,53,Small business,Referral
C0191,2023-11-25,Germany,26,Consumer,Direct
C0192,2023-10-06,India,30,Small business,Search
C0193,2024-05-21,United States,46,Consumer,Referral
C0194,2023-04-29,Brazil,41,Consumer,Social media
C0195,2024-06-09,United States,59,Consumer,Direct
C0196,2023-05-15,India,26,Consumer,Email
C0197,2024-11-18,India,18,Consumer,Direct
C0198,2024-12-25,United Kingdom,33,Consumer,Social media
C0199,2023-05-16,United States,50,Corporate,Referral
C0200,2024-03-17,United Kingdom,28,Consumer,Social media
C0201,2024-09-07,Germany,25,Consumer,Social media
C0202,2024-03-04,United Kingdom,43,Consumer,Search
C0203,2024-03-23,Germany,38,Consumer,Search
C0204,2024-07-24,United Kingdom,39,Consumer,Email
C0205,2023-02-07,Germany,34,Consumer,Referral
C0206,2023-10-07,United States,21,Consumer,Search
C0207,2023-01-30,United States,63,Small business,Direct
C0208,2023-04-23,United States,29,Small business,Direct
C0209,2024-01-29,Germany,49,Small business,Direct
C0210,2024-03-19,Australia,18,Consumer,Search
C0211,2024-10-05,Germany,29,Consumer,Direct
C0212,2023-10-23,United States,18,Corporate,Social media
C0213,2024-08-19,Brazil,20,Consumer,Search
C0214,2023-10-22,United Kingdom,19,Consumer,Search
C0215,2023-02-12,Germany,42,Consumer,Referral
C0216,2023-03-06,Japan,34,Small business,Direct
C0217,2024-09-17,Germany,41,Consumer,Search
C0218,2023-11-04,United Kingdom,40,Consumer,Search
C0219,2023-06-09,United Kingdom,20,Small business,Referral
C0220,2023-02-07,Brazil,32,Consumer,Social media
C0221,2023-06-06,South Africa,18,Small business,Direct
C0222,2024-10-20,Brazil,54,Consumer,Social media
C0223,2023-04-18,Japan,44,Small business,Email
C0224,2023-10-01,United States,34,Small business,Direct
C0225,2023-08-07,South Africa,18,Consumer,Search
C0226,2024-06-06,India,48,Consumer,Search
C0227,2023-10-17,Japan,27,Consumer,Social media
C0228,2024-03-05,South Africa,21,Small business,Social media
C0229,2023-02-16,Brazil,18,Small business,Search
C0230,2023-11-18,Japan,54,Consumer,Direct
C0231,2024-01-31,United States,47,Small business,Search
C0232,2023-09-05,Japan,30,Consumer,Direct
C0233,2024-04-24,United States,45,Small business,Social media
C0234,2023-01-24,United States,18,Consumer,Search
C0235,2023-02-26,United Kingdom,51,Consumer,Search
C0236,2024-04-22,India,38,Consumer,Social media
C0237,2024-03-21,Canada,56,Consumer,Search
C0238,2023-03-14,United States,42,Consumer,Search
C0239,2024-02-24,Brazil,28,Consumer,Direct
C0240,2023-06-21,United States,18,Consumer,Social media
C0241,2023-12-28,South Africa,49,Consumer,Direct
C0242,2024-12-01,Nigeria,23,Consumer,Search
C0243,2023-05-13,Germany,46,Consumer,Search
C0244,2023-10-02,United Kingdom,48,Consumer,Direct
C0245,2024-08-01,India,25,Consumer,Email
C0246,2023-09-22,Mexico,43,Consumer,Referral
C0247,2024-08-18,Canada,49,Consumer,Search
C0248,2024-05-18,France,38,Small business,Search
C0249,2024-01-25,Canada,28,Consumer,Direct
C0250,2023-07-16,South Africa,18,Consumer,Search
C0251,2024-07-30,United States,42,Small business,Referral
C0252,2023-09-26,Nigeria,32,Corporate,Social media
C0253,2024-11-07,United Kingdom,26,Consumer,Social media
C0254,2023-08-13,United States,29,Consumer,Direct
C0255,2023-03-11,United Kingdom,33,Consumer,Search
C0256,2024-05-22,United States,62,Consumer,Direct
C0257,2023-10-10,France,35,Consumer,Social media
C0258,2023-02-26,Canada,48,Consumer,Search
C0259,2024-08-21,India,26,Consumer,Search
C0260,2023-10-06,Japan,54,Consumer,Direct
C0261,2024-11-11,United Kingdom,36,Small business,Referral
C0262,2024-12-29,India,41,Consumer,Referral
C0263,2024-10-05,Brazil,29,Small business,Search
C0264,2024-04-12,India,30,Consumer,Search
C0265,2023-06-24,United States,23,Consumer,Direct
C0266,2023-12-13,Australia,45,Consumer,Referral
C0267,2024-09-04,United States,49,Consumer,Email
C0268,2023-07-31,United States,45,Consumer,Search
C0269,2024-05-28,United Kingdom,36,Consumer,Social media
C0270,2023-01-17,Germany,39,Corporate,Email
C0271,2024-06-06,Australia,51,Consumer,Direct
C0272,2024-10-25,India,36,Consumer,Search
C0273,2023-02-27,Mexico,31,Consumer,Search
C0274,2024-11-03,India,39,Consumer,Search
C0275,2023-03-05,United Kingdom,32,Consumer,Search
C0276,2024-12-15,Nigeria,45,Consumer,Direct
C0277,2023-12-14,United States,34,Small business,Social media
C0278,2023-12-17,United States,23,Consumer,Direct
C0279,2023-03-05,France,20,Consumer,Social media
C0280,2024-03-09,United Kingdom,19,Consumer,Social media
C0281,2023-06-04,Mexico,53,Consumer,Direct
C0282,2023-07-30,United States,36,Consumer,Search
C0283,2023-03-08,United States,51,Small business,Search
C0284,2024-08-27,United Kingdom,53,Small business,Email
C0285,2023-03-25,Australia,33,Small business,Direct
C0286,2024-03-01,Japan,64,Consumer,Search
C0287,2024-02-20,United Kingdom,35,Consumer,Direct
C0288,2023-08-05,Germany,41,Consumer,Search
C0289,2023-03-07,France,28,Small business,Social media
C0290,2023-08-04,Brazil,41,Consumer,Search
C0291,2023-07-10,India,32,Consumer,Email
C0292,2023-09-18,Canada,43,Consumer,Referral
C0293,2023-12-24,India,57,Small business,Search
C0294,2024-05-04,United States,44,Consumer,Direct
C0295,2024-10-19,United States,22,Consumer,Search
C0296,2024-07-15,Germany,20,Corporate,Direct
C0297,2024-09-02,United States,25,Small business,Search
C0298,2023-03-17,Germany,57,Corporate,Email
C0299,2024-07-15,India,30,Small business,Search
C0300,2024-11-09,South Africa,18,Consumer,Direct
C0301,2024-06-18,Brazil,28,Small business,Search
C0302,2024-07-03,United States,40,Consumer,Social media
C0303,2023-05-01,India,29,Small business,Direct
C0304,2024-08-10,India,48,Small business,Search
C0305,2024-02-28,Australia,51,Consumer,Referral
C0306,2023-05-25,Australia,28,Consumer,Referral
C0307,2024-10-05,United Kingdom,51,Corporate,Direct
C0308,2023-04-15,Japan,27,Consumer,Email
C0309,2023-07-27,India,56,Consumer,Referral
C0310,2024-06-19,United States,31,Consumer,Direct
C0311,2023-06-19,India,53,Corporate,Referral
C0312,2024-11-16,United States,36,Consumer,Social media
C0313,2023-03-03,Canada,27,Small business,Social media
C0314,2023-09-11,Australia,35,Consumer,Social media
C0315,2024-07-12,Canada,38,Consumer,Search
C0316,2023-03-14,United Kingdom,25,Consumer,Referral
C0317,2023-09-22,United States,42,Small business,Referral
C0318,2023-08-27,United States,23,Small business,Social media
C0319,2024-04-19,United Kingdom,23,Consumer,Social media
C0320,2024-09-03,India,37,Consumer,Direct
C0321,2023-04-20,United States,43,Corporate,Search
C0322,2024-08-24,Japan,24,Consumer,Direct
C0323,2024-04-23,Germany,40,Small business,Direct
C0324,2023-06-21,United States,51,Consumer,Direct
C0325,2023-12-17,United Kingdom,37,Consumer,Referral
C0326,2023-04-24,United States,30,Consumer,Social media
C0327,2023-06-23,United Kingdom,49,Small business,Search
C0328,2023-12-28,Germany,55,Consumer,Social media
C0329,2024-04-19,United Kingdom,34,Corporate,Direct
C0330,2023-08-22,United States,39,Consumer,Search
C0331,2024-05-31,Japan,33,Small business,Social media
C0332,2024-09-12,Australia,43,Consumer,Search
C0333,2023-04-05,Brazil,49,Consumer,Email
C0334,2023-12-06,Australia,28,Consumer,Social media
C0335,2023-01-08,Brazil,57,Consumer,Referral
C0336,2023-06-15,India,37,Small business,Email
C0337,2023-10-01,United States,33,Consumer,Search
C0338,2023-11-11,Brazil,42,Consumer,Email
C0339,2023-08-05,India,38,Consumer,Direct
C0340,2023-06-12,France,38,Consumer,Search
C0341,2023-03-26,Japan,18,Consumer,Email
C0342,2024-05-28,Canada,59,Consumer,Social media
C0343,2024-06-01,India,42,Consumer,Email
C0344,2024-12-10,United States,37,Consumer,Social media
C0345,2023-08-05,Nigeria,49,Consumer,Direct
C0346,2024-03-20,India,34,Consumer,Social media
C0347,2023-02-27,South Africa,33,Small business,Search
C0348,2023-06-23,United States,51,Consumer,Direct
C0349,2023-10-31,United States,28,Consumer,Social media
C0350,2024-08-15,Brazil,36,Consumer,Search
C0351,2024-12-10,United States,47,Consumer,Social media
C0352,2023-09-24,Mexico,39,Consumer,Social media
C0353,2024-09-13,United States,42,Consumer,Search
C0354,2023-03-06,France,23,Small business,Search
C0355,2023-08-01,France,18,Consumer,Search
C0356,2023-04-23,Brazil,45,Consumer,Social media
C0357,2024-02-13,Brazil,45,Consumer,Social media
C0358,2023-09-28,Australia,52,Consumer,Search
C0359,2023-06-12,Nigeria,57,Consumer,Referral
C0360,2024-09-01,Nigeria,38,Consumer,Referral
C0361,2024-09-17,Germany,41,Small business,Email
C0362,2023-06-15,United States,49,Small business,Social media
C0363,2023-07-20,France,19,Consumer,Email
C0364,2024-07-25,United Kingdom,36,Small business,Referral
C0365,2024-03-23,India,32,Small business,Search
C0366,2023-03-02,United Kingdom,40,Consumer,Search
C0367,2023-12-30,United States,54,Consumer,Email
C0368,2024-09-04,United States,36,Consumer,Search
C0369,2024-11-02,Canada,29,Small business,Search
C0370,2024-06-05,India,26,Consumer,Search
C0371,2023-05-11,United States,25,Consumer,Direct
C0372,2023-03-06,France,36,Small business,Search
C0373,2024-10-12,Japan,18,Consumer,Referral
C0374,2023-01-31,Canada,47,Consumer,Social media
C0375,2023-06-14,Brazil,37,Small business,Referral
C0376,2023-07-03,Nigeria,33,Consumer,Referral
C0377,2023-12-22,United Kingdom,36,Small business,Referral
C0378,2023-05-11,Canada,32,Small business,Social media
C0379,2024-10-24,Brazil,51,Consumer,Referral
C0380,2024-04-17,Brazil,19,Consumer,Search
C0381,2023-08-22,United Kingdom,18,Consumer,Direct
C0382,2023-12-10,United Kingdom,41,Consumer,Email
C0383,2023-04-28,United States,20,Corporate,Referral
C0384,2024-02-23,Germany,39,Consumer,Social media
C0385,2024-09-22,Australia,41,Corporate,Direct
C0386,2023-07-28,Brazil,18,Consumer,Search
C0387,2024-01-02,Mexico,35,Consumer,Search
C0388,2024-12-15,United States,44,Small business,Search
C0389,2023-11-29,India,30,Small business,Search
C0390,2023-03-16,United States,25,Consumer,Search
C0391,2023-09-07,Mexico,50,Consumer,Social media
C0392,2024-04-28,United Kingdom,24,Small business,Search
C0393,2023-01-31,United Kingdom,37,Consumer,Search
C0394,2024-01-24,France,44,Consumer,Referral
C0395,2023-11-19,Nigeria,24,Consumer,Social media
C0396,2024-12-23,South Africa,43,Small business,Search
C0397,2024-07-28,India,27,Consumer,Referral
C0398,2024-11-28,United States,40,Consumer,Direct
C0399,2023-03-04,Mexico,36,Consumer,Social media
C0400,2023-12-17,Brazil,50,Consumer,Search
C0401,2024-05-03,Nigeria,47,Consumer,Referral
C0402,2023-11-24,United States,48,Consumer,Direct
C0403,2023-10-22,Japan,26,Consumer,Search
C0404,2023-09-18,Japan,38,Corporate,Search
C0405,2023-01-12,South Africa,28,Consumer,Email
C0406,2023-05-06,Germany,62,Consumer,Referral
C0407,2024-12-05,Germany,34,Consumer,Referral
C0408,2024-05-12,Canada,35,Consumer,Email
C0409,2023-03-18,United Kingdom,26,Consumer,Search
C0410,2024-10-09,France,35,Small business,Direct
C0411,2024-07-26,Mexico,24,Consumer,Search
C0412,2023-12-14,India,40,Consumer,Search
C0413,2023-07-15,Brazil,43,Small business,Referral
C0414,2024-10-31,United Kingdom,24,Consumer,Search
C0415,2024-06-08,United States,27,Consumer,Social media
C0416,2023-06-28,United States,43,Consumer,Email
C0417,2023-06-01,United Kingdom,30,Consumer,Social media
C0418,2023-07-14,France,41,Small business,Referral
C0419,2023-06-06,France,24,Consumer,Social media
C0420,2024-11-28,United States,67,Consumer,Search
C0421,2023-10-27,Germany,18,Small business,Search
C0422,2024-11-02,South Africa,37,Small business,Direct
C0423,2023-05-28,Germany,39,Consumer,Search
C0424,2024-01-10,Germany,44,Consumer,Direct
C0425,2024-09-13,Japan,23,Consumer,Search
C0426,2024-02-07,France,32,Consumer,Search
C0427,2023-04-17,India,35,Small business,Referral
C0428,2023-09-15,Japan,30,Consumer,Social media
C0429,2024-12-12,United Kingdom,42,Small business,Social media
C0430,2023-01-21,United States,32,Consumer,Email
C0431,2023-07-11,United Kingdom,50,Small business,Email
C0432,2023-10-01,Nigeria,29,Small business,Search
C0433,2023-06-08,United States,19,Consumer,Social media
C0434,2024-12-20,France,45,Consumer,Referral
C0435,2024-04-26,India,34,Small business,Direct
C0436,2024-01-06,United Kingdom,27,Consumer,Search
C0437,2023-05-22,United Kingdom,42,Consumer,Search
C0438,2024-08-12,Nigeria,37,Consumer,Social media
C0439,2023-04-07,Japan,42,Small business,Social media
C0440,2023-04-28,Brazil,19,Consumer,Email
C0441,2023-11-10,France,40,Consumer,Search
C0442,2024-06-19,Japan,46,Consumer,Search
C0443,2024-08-14,Germany,38,Consumer,Search
C0444,2024-03-06,Germany,25,Consumer,Email
C0445,2023-12-23,United States,47,Consumer,Social media
C0446,2024-12-21,United States,46,Small business,Direct
C0447,2023-06-14,India,22,Consumer,Direct
C0448,2023-08-16,United States,21,Consumer,Direct
C0449,2024-09-28,Canada,27,Small business,Referral
C0450,2023-12-07,Brazil,38,Consumer,Referral
C0451,2024-07-29,Nigeria,29,Small business,Referral
C0452,2023-07-18,United Kingdom,28,Small business,Referral
C0453,2023-12-20,France,19,Small business,Social media
C0454,2024-06-22,India,39,Small business,Social media
C0455,2024-06-22,United States,51,Corporate,Search
C0456,2023-02-20,Canada,34,Consumer,Social media
C0457,2024-11-20,Brazil,52,Consumer,Direct
C0458,2024-06-17,South Africa,30,Consumer,Referral
C0459,2023-08-10,France,63,Consumer,Social media
C0460,2024-09-01,Australia,18,Corporate,Social media
C0461,2023-07-27,United Kingdom,42,Consumer,Social media
C0462,2023-07-01,Mexico,30,Consumer,Direct
C0463,2023-07-15,United States,42,Consumer,Social media
C0464,2023-09-19,Germany,18,Consumer,Social media
C0465,2023-01-05,Nigeria,32,Consumer,Social media
C0466,2023-09-10,United States,48,Consumer,Direct
C0467,2024-07-17,India,45,Consumer,Direct
C0468,2024-10-01,France,45,Consumer,Email
C0469,2024-07-10,United States,45,Consumer,Search
C0470,2023-04-24,United Kingdom,27,Consumer,Social media
C0471,2023-11-14,Canada,36,Corporate,Social media
C0472,2024-10-29,United Kingdom,49,Consumer,Search
C0473,2024-09-13,Australia,18,Small business,Referral
C0474,2023-03-09,Germany,51,Consumer,Social media
C0475,2023-04-08,Canada,50,Consumer,Search
C0476,2023-01-28,India,32,Consumer,Referral
C0477,2024-11-27,United States,37,Small business,Search
C0478,2024-08-15,Brazil,39,Consumer,Direct
C0479,2024-06-19,India,28,Consumer,Search
C0480,2023-02-17,Germany,24,Consumer,Email
C0481,2023-02-01,Japan,33,Corporate,Search
C0482,2024-02-19,Brazil,53,Consumer,Referral
C0483,2023-05-07,Canada,18,Consumer,Search
C0484,2024-01-14,United States,42,Consumer,Direct
C0485,2023-03-13,Germany,62,Small business,Social media
C0486,2024-10-08,United Kingdom,37,Consumer,Referral
C0487,2024-05-02,Australia,35,Consumer,Social media
C0488,2024-05-07,United States,25,Consumer,Direct
C0489,2024-07-24,United Kingdom,21,Consumer,Email
C0490,2024-12-17,Germany,27,Small business,Email
C0491,2024-08-04,Germany,41,Corporate,Direct
C0492,2024-05-12,Australia,24,Small business,Search
C0493,2023-06-10,United States,44,Consumer,Social media
C0494,2023-09-02,United Kingdom,26,Consumer,Search
C0495,2023-10-14,United States,37,Consumer,Search
C0496,2024-11-15,France,45,Consumer,Email
C0497,2024-05-14,United Kingdom,30,Consumer,Email
C0498,2023-02-27,United Kingdom,42,Corporate,Referral
C0499,2024-04-19,United Kingdom,25,Consumer,Social media
C0500,2024-05-13,India,28,Small business,Social media
C0501,2024-11-05,Japan,40,Small business,Search
C0502,2023-03-21,Canada,53,Consumer,Direct
C0503,2023-02-28,India,18,Corporate,Search
C0504,2023-05-11,Nigeria,42,Consumer,Search
C0505,2024-05-03,Canada,18,Consumer,Search
C0506,2023-10-10,South Africa,28,Consumer,Search
C0507,2024-02-26,Canada,21,Consumer,Search
C0508,2023-12-31,United States,28,Corporate,Direct
C0509,2024-07-22,Australia,29,Consumer,Social media
C0510,2023-02-09,India,18,Consumer,Referral
C0511,2024-10-07,Japan,48,Consumer,Social media
C0512,2023-10-24,Nigeria,41,Consumer,Search
C0513,2024-06-10,India,29,Consumer,Email
C0514,2024-01-28,Canada,54,Consumer,Referral
C0515,2024-12-09,Canada,45,Consumer,Referral
C0516,2023-07-23,Germany,39,Consumer,Search
C0517,2024-08-05,Mexico,40,Consumer,Direct
C0518,2023-10-24,United States,29,Consumer,Direct
C0519,2024-12-03,United States,39,Consumer,Social media
C0520,2024-07-23,Brazil,18,Consumer,Search
C0521,2024-02-06,India,37,Consumer,Social media
C0522,2023-05-20,United Kingdom,37,Consumer,Email
C0523,2023-04-16,Nigeria,39,Consumer,Social media
C0524,2023-08-14,Australia,32,Consumer,Email
C0525,2024-11-02,Mexico,29,Consumer,Referral
C0526,2023-07-21,Mexico,29,Consumer,Search
C0527,2024-12-09,France,68,Consumer,Direct
C0528,2023-07-01,United States,49,Small business,Social media
C0529,2023-04-06,India,45,Consumer,Email
C0530,2023-01-28,Canada,28,Consumer,Search
C0531,2023-09-17,France,42,Consumer,Referral
C0532,2024-11-29,India,34,Small business,Search
C0533,2024-05-16,United States,18,Consumer,Direct
C0534,2024-01-07,United States,47,Consumer,Social media
C0535,2023-03-21,India,22,Consumer,Direct
C0536,2023-08-27,Nigeria,28,Consumer,Social media
C0537,2023-03-11,Nigeria,42,Corporate,Search
C0538,2024-10-04,India,36,Consumer,Referral
C0539,2023-06-21,Brazil,18,Consumer,Email
C0540,2023-01-17,Nigeria,18,Consumer,Direct
C0541,2023-08-28,Brazil,18,Small business,Referral
C0542,2023-03-19,Brazil,57,Consumer,Search
C0543,2024-08-01,United States,33,Consumer,Search
C0544,2023-01-14,India,30,Small business,Referral
C0545,2024-06-13,Japan,42,Small business,Direct
C0546,2023-01-23,India,37,Consumer,Direct
C0547,2024-11-03,United States,26,Consumer,Referral
C0548,2023-01-02,United States,55,Consumer,Direct
C0549,2024-06-24,Japan,59,Consumer,Direct
C0550,2024-03-20,United States,41,Consumer,Email
C0551,2023-06-01,Mexico,24,Consumer,Direct
C0552,2024-06-07,United States,44,Consumer,Direct
C0553,2023-07-26,Germany,41,Small business,Social media
C0554,2023-09-16,Nigeria,45,Corporate,Referral
C0555,2023-09-29,Canada,53,Consumer,Email
C0556,2024-11-08,United States,41,Consumer,Search
C0557,2024-12-04,United States,46,Consumer,Direct
C0558,2024-07-05,Australia,42,Small business,Referral
C0559,2023-03-01,Japan,27,Consumer,Search
C0560,2024-12-22,Brazil,28,Small business,Referral
C0561,2023-08-20,United States,26,Consumer,Social media
C0562,2024-07-14,United States,32,Consumer,Social media
C0563,2024-09-27,South Africa,21,Consumer,Search
C0564,2024-01-17,Japan,36,Consumer,Direct
C0565,2024-10-01,Japan,53,Consumer,Direct
C0566,2023-02-10,Canada,32,Consumer,Direct
C0567,2023-10-15,United Kingdom,41,Small business,Direct
C0568,2023-03-29,United States,31,Consumer,Search
C0569,2024-05-08,Japan,28,Small business,Search
C0570,2023-08-27,India,36,Consumer,Social media
C0571,2024-08-05,United States,35,Consumer,Search
C0572,2023-04-10,Japan,18,Consumer,Direct
C0573,2024-02-03,India,30,Corporate,Search
C0574,2024-04-10,Canada,31,Consumer,Search
C0575,2024-08-16,United States,39,Consumer,Search
C0576,2023-02-20,Canada,31,Consumer,Social media
C0577,2023-04-26,Germany,18,Consumer,Referral
C0578,2024-01-31,India,27,Consumer,Search
C0579,2023-01-27,Brazil,22,Small business,Email
C0580,2023-09-23,Brazil,29,Small business,Email
C0581,2023-01-04,Japan,37,Consumer,Email
C0582,2023-10-08,Japan,22,Consumer,Referral
C0583,2024-07-06,United States,38,Consumer,Direct
C0584,2023-02-27,South Africa,54,Small business,Search
C0585,2023-08-03,Mexico,34,Consumer,Search
C0586,2024-06-08,United States,33,Consumer,Social media
C0587,2024-05-04,Canada,28,Consumer,Referral
C0588,2024-07-11,Germany,39,Consumer,Search
C0589,2024-11-19,Nigeria,46,Consumer,Search
C0590,2023-08-21,India,40,Consumer,Social media
C0591,2023-05-07,India,32,Corporate,Referral
C0592,2023-10-02,Canada,60,Consumer,Referral
C0593,2024-10-07,United States,46,Consumer,Email
C0594,2024-05-20,Germany,37,Consumer,Search
C0595,2023-01-10,United States,18,Consumer,Social media
C0596,2023-04-07,United States,43,Consumer,Social media
C0597,2023-08-10,United States,37,Consumer,Direct
C0598,2024-03-24,South Africa,24,Consumer,Search
C0599,2023-09-12,India,39,Consumer,Search
C0600,2023-09-07,Brazil,45,Small business,Referral
C0601,2024-03-27,Canada,60,Consumer,Email
C0602,2024-05-26,United States,55,Corporate,Search
C0603,2024-09-01,France,24,Consumer,Social media
C0604,2024-04-08,Japan,37,Small business,Direct
C0605,2023-12-17,Germany,50,Consumer,Referral
C0606,2023-08-16,France,46,Small business,Social media
C0607,2024-09-18,United Kingdom,32,Small business,Social media
C0608,2023-07-24,United Kingdom,18,Corporate,Referral
C0609,2023-05-17,United Kingdom,33,Corporate,Social media
C0610,2023-10-14,Germany,31,Consumer,Social media
C0611,2024-02-08,France,24,Consumer,Direct
C0612,2023-08-05,Japan,44,Consumer,Social media
C0613,2023-10-22,Canada,48,Consumer,Referral
C0614,2024-07-08,Germany,29,Corporate,Direct
C0615,2024-04-16,South Africa,35,Consumer,Social media
C0616,2024-07-31,United States,30,Consumer,Direct
C0617,2023-06-20,Nigeria,47,Consumer,Email
C0618,2023-12-28,Japan,56,Consumer,Search
C0619,2024-07-06,France,33,Consumer,Social media
C0620,2023-06-22,Mexico,47,Consumer,Social media
C0621,2023-01-04,United States,42,Consumer,Email
C0622,2023-12-26,Nigeria,24,Small business,Social media
C0623,2023-10-01,India,25,Consumer,Email
C0624,2024-07-06,Japan,42,Consumer,Direct
C0625,2023-12-13,United States,18,Consumer,Direct
C0626,2024-02-03,Japan,32,Consumer,Search
C0627,2023-12-13,Nigeria,45,Small business,Social media
C0628,2023-01-12,United Kingdom,19,Consumer,Search
C0629,2023-06-25,United States,35,Consumer,Email
C0630,2023-03-05,France,20,Consumer,Social media
C0631,2023-06-24,Australia,39,Corporate,Direct
C0632,2023-10-08,United States,29,Consumer,Social media
C0633,2023-03-08,Canada,45,Corporate,Email
C0634,2024-09-07,Germany,28,Corporate,Search
C0635,2023-09-24,United States,39,Consumer,Direct
C0636,2023-11-09,United Kingdom,28,Consumer,Search
C0637,2023-12-08,Japan,36,Corporate,Email
C0638,2024-03-31,United States,29,Consumer,Search
C0639,2023-12-19,India,47,Consumer,Referral
C0640,2024-02-16,India,45,Consumer,Referral
C0641,2024-08-26,India,39,Small business,Referral
C0642,2023-03-01,United States,26,Consumer,Direct
C0643,2024-12-15,United States,54,Consumer,Referral
C0644,2023-12-15,United States,50,Small business,Email
C0645,2023-04-18,Mexico,39,Small business,Referral
C0646,2023-11-12,France,36,Small business,Referral
C0647,2023-07-01,United Kingdom,18,Consumer,Search
C0648,2023-12-01,United Kingdom,41,Consumer,Search
C0649,2024-02-04,India,42,Consumer,Social media
C0650,2024-10-26,Japan,29,Small business,Search
C0651,2023-03-30,India,32,Corporate,Search
C0652,2023-08-07,United States,38,Small business,Referral
C0653,2023-10-02,Nigeria,41,Consumer,Search
C0654,2024-12-14,United Kingdom,25,Corporate,Social media
C0655,2023-01-18,Japan,23,Small business,Direct
C0656,2023-12-11,South Africa,46,Consumer,Search
C0657,2023-07-10,France,55,Small business,Direct
C0658,2023-12-15,France,59,Consumer,Search
C0659,2024-09-13,India,22,Small business,Referral
C0660,2024-06-04,Brazil,41,Consumer,Search
C0661,2024-08-08,India,27,Consumer,Search
C0662,2023-12-15,United States,42,Corporate,Direct
C0663,2023-09-02,United States,49,Consumer,Search
C0664,2023-02-13,Canada,39,Consumer,Search
C0665,2024-08-16,United States,18,Consumer,Social media
C0666,2024-02-15,India,30,Consumer,Social media
C0667,2023-07-08,South Africa,31,Consumer,Search
C0668,2023-03-05,Mexico,42,Consumer,Social media
C0669,2023-12-16,Mexico,18,Consumer,Social media
C0670,2024-11-09,Brazil,47,Consumer,Direct
C0671,2024-01-30,Germany,28,Small business,Search
C0672,2023-08-16,India,44,Corporate,Direct
C0673,2023-05-06,Brazil,18,Consumer,Direct
C0674,2024-11-12,Germany,68,Consumer,Social media
C0675,2023-07-08,United States,38,Consumer,Direct
C0676,2024-01-14,United States,33,Consumer,Search
C0677,2023-09-02,United States,31,Corporate,Social media
C0678,2024-07-24,Canada,43,Small business,Direct
C0679,2023-03-22,France,28,Consumer,Direct
C0680,2024-01-05,United States,33,Consumer,Social media
C0681,2023-07-11,India,36,Consumer,Social media
C0682,2023-06-03,United Kingdom,49,Consumer,Social media
C0683,2023-08-02,France,28,Consumer,Referral
C0684,2024-12-28,Germany,27,Small business,Search
C0685,2024-02-01,Nigeria,24,Consumer,Email
C0686,2024-04-08,United States,24,Consumer,Social media
C0687,2024-08-20,United States,23,Small business,Referral
C0688,2023-11-25,Japan,37,Consumer,Referral
C0689,2024-03-14,Germany,40,Consumer,Search
C0690,2024-11-17,Australia,21,Corporate,Email
C0691,2023-06-14,Australia,52,Consumer,Search
C0692,2024-02-11,France,45,Consumer,Social media
C0693,2024-01-05,Canada,34,Small business,Referral
C0694,2023-10-24,Nigeria,30,Consumer,Email
C0695,2023-04-23,United States,33,Corporate,Email
C0696,2023-05-26,Germany,30,Small business,Search
C0697,2024-04-17,United States,18,Consumer,Referral
C0698,2023-09-01,United States,40,Consumer,Email
C0699,2024-04-17,United States,29,Consumer,Direct
C0700,2024-08-15,United States,42,Consumer,Referral
C0701,2023-07-14,United Kingdom,47,Corporate,Social media
C0702,2023-04-28,Nigeria,32,Consumer,Search
C0703,2024-10-13,Japan,36,Small business,Search
C0704,2023-12-04,India,42,Corporate,Referral
C0705,2024-02-23,Nigeria,35,Consumer,Direct
C0706,2024-04-14,Japan,35,Corporate,Social media
C0707,2024-04-25,United States,35,Consumer,Search
C0708,2023-11-21,Germany,49,Small business,Referral
C0709,2024-01-16,Brazil,38,Small business,Search
C0710,2023-10-19,Japan,32,Consumer,Direct
C0711,2023-06-05,United Kingdom,50,Consumer,Search
C0712,2023-01-28,United States,31,Consumer,Direct
C0713,2024-10-01,United States,38,Consumer,Referral
C0714,2024-08-18,South Africa,39,Consumer,Search
C0715,2023-01-21,United Kingdom,41,Corporate,Referral
C0716,2023-02-23,United States,44,Corporate,Social media
C0717,2024-11-09,Canada,29,Consumer,Direct
C0718,2023-11-12,United Kingdom,42,Corporate,Social media
C0719,2024-11-18,Australia,18,Consumer,Search
C0720,2023-03-03,Canada,41,Consumer,Social media
C0721,2023-10-27,United States,31,Consumer,Direct
C0722,2023-08-18,United States,32,Consumer,Social media
C0723,2023-09-28,United States,45,Consumer,Referral
C0724,2024-07-24,United States,46,Consumer,Referral
C0725,2023-11-06,United States,18,Small business,Social media
C0726,2024-11-06,United States,32,Consumer,Search
C0727,2024-09-16,Brazil,41,Small business,Search
C0728,2023-01-30,United States,20,Consumer,Email
C0729,2024-12-07,United Kingdom,24,Small business,Social media
C0730,2023-08-08,India,25,Small business,Social media
C0731,2023-05-10,United Kingdom,39,Consumer,Email
C0732,2024-05-17,France,38,Consumer,Social media
C0733,2023-11-17,United States,30,Consumer,Referral
C0734,2023-09-29,South Africa,36,Consumer,Direct
C0735,2024-03-27,Nigeria,39,Consumer,Direct
C0736,2024-12-21,Germany,38,Consumer,Social media
C0737,2023-03-09,United States,28,Small business,Referral
C0738,2023-04-14,United States,51,Consumer,Search
C0739,2023-12-25,Germany,47,Consumer,Search
C0740,2023-04-11,United States,44,Consumer,Search
C0741,2024-07-22,Brazil,21,Consumer,Direct
C0742,2024-06-15,United Kingdom,35,Consumer,Referral
C0743,2024-03-22,Japan,25,Consumer,Search
C0744,2024-05-21,United Kingdom,27,Consumer,Direct
C0745,2024-09-25,France,26,Consumer,Social media
C0746,2024-11-14,Australia,45,Corporate,Social media
C0747,2023-08-31,United States,50,Consumer,Social media
C0748,2023-02-24,United States,51,Consumer,Direct
C0749,2023-01-30,United States,46,Consumer,Search
C0750,2023-01-13,India,42,Consumer,Search
C0751,2024-05-07,Japan,43,Consumer,Search
C0752,2023-04-04,Canada,33,Consumer,Social media
C0753,2023-07-30,United States,34,Corporate,Referral
C0754,2024-11-04,Brazil,18,Corporate,Search
C0755,2024-07-11,United Kingdom,47,Corporate,Referral
C0756,2023-11-13,Canada,28,Consumer,Social media
C0757,2024-04-25,South Africa,32,Corporate,Direct
C0758,2023-11-10,Nigeria,29,Consumer,Direct
C0759,2024-06-20,France,28,Consumer,Referral
C0760,2023-07-16,Brazil,44,Consumer,Social media
C0761,2024-05-17,Germany,42,Consumer,Social media
C0762,2023-05-23,Nigeria,24,Corporate,Search
C0763,2023-08-08,United States,52,Small business,Social media
C0764,2023-03-27,United Kingdom,34,Consumer,Direct
C0765,2023-10-09,Canada,29,Corporate,Search
C0766,2024-07-03,United States,22,Consumer,Social media
C0767,2024-06-04,United Kingdom,44,Consumer,Referral
C0768,2023-02-01,United States,44,Consumer,Social media
C0769,2024-06-12,United States,47,Small business,Referral
C0770,2024-06-25,France,18,Small business,Social media
C0771,2024-08-28,France,35,Consumer,Social media
C0772,2024-01-01,Nigeria,23,Consumer,Social media
C0773,2023-01-06,Nigeria,46,Consumer,Referral
C0774,2023-05-12,United States,51,Small business,Search
C0775,2024-11-12,Brazil,26,Consumer,Search
C0776,2023-06-17,Australia,18,Consumer,Direct
C0777,2023-01-03,Germany,35,Consumer,Search
C0778,2023-02-01,Australia,45,Consumer,Direct
C0779,2024-06-09,Nigeria,32,Consumer,Search
C0780,2024-09-06,United States,18,Small business,Email
C0781,2023-09-06,United States,44,Consumer,Direct
C0782,2024-03-11,United Kingdom,30,Consumer,Direct
C0783,2024-10-26,United States,53,Consumer,Social media
C0784,2024-06-20,United States,56,Small business,Search
C0785,2024-07-10,United States,19,Consumer,Social media
C0786,2024-01-29,Japan,48,Consumer,Search
C0787,2024-04-18,Canada,30,Consumer,Social media
C0788,2023-02-13,India,35,Consumer,Search
C0789,2023-03-13,Brazil,47,Consumer,Search
C0790,2024-06-02,South Africa,34,Corporate,Search
C0791,2023-09-13,Japan,38,Small business,Search
C0792,2024-10-11,Germany,23,Consumer,Search
C0793,2024-09-22,Brazil,52,Consumer,Referral
C0794,2023-07-12,India,56,Small business,Direct
C0795,2023-08-21,United States,59,Consumer,Social media
C0796,2023-10-12,Japan,47,Small business,Search
C0797,2023-01-27,United Kingdom,31,Consumer,Direct
C0798,2024-12-24,United States,41,Consumer,Social media
C0799,2023-08-30,Brazil,22,Consumer,Social media
C0800,2024-03-26,South Africa,24,Consumer,Social media
C0801,2024-07-21,United States,33,Small business,Referral
C0802,2023-04-06,Nigeria,38,Consumer,Direct
C0803,2023-09-09,India,36,Consumer,Referral
C0804,2023-05-07,United States,47,Small business,Social media
C0805,2023-05-05,United Kingdom,31,Consumer,Direct
C0806,2023-07-08,Australia,40,Small business,Email
C0807,2023-12-03,South Africa,19,Consumer,Email
C0808,2024-11-08,Japan,43,Consumer,Direct
C0809,2024-10-18,Mexico,29,Consumer,Social media
C0810,2024-08-13,Nigeria,33,Consumer,Social media
C0811,2023-03-26,United States,41,Consumer,Referral
C0812,2023-01-13,United States,35,Consumer,Search
C0813,2024-12-01,United States,21,Consumer,Social media
C0814,2024-02-15,United Kingdom,44,Consumer,Search
C0815,2024-08-03,France,19,Small business,Direct
C0816,2023-05-27,United Kingdom,32,Consumer,Referral
C0817,2023-06-28,Germany,36,Consumer,Email
C0818,2023-07-02,United States,40,Small business,Direct
C0819,2024-11-04,India,36,Consumer,Social media
C0820,2024-01-20,Australia,40,Consumer,Search
C0821,2023-08-27,United Kingdom,54,Small business,Direct
C0822,2023-05-21,Australia,27,Consumer,Social media
C0823,2023-10-04,Canada,47,Consumer,Search
C0824,2024-05-16,Canada,23,Consumer,Email
C0825,2024-04-02,Australia,30,Consumer,Social media
C0826,2023-01-28,United Kingdom,25,Small business,Social media
C0827,2024-03-28,France,18,Consumer,Referral
C0828,2023-01-24,Mexico,53,Consumer,Search
C0829,2023-05-01,United Kingdom,37,Consumer,Referral
C0830,2023-07-31,United States,45,Consumer,Referral
C0831,2024-11-21,Canada,29,Small business,Direct
C0832,2023-03-09,Japan,36,Consumer,Social media
C0833,2023-05-12,United States,49,Small business,Email
C0834,2024-09-15,Canada,39,Consumer,Direct
C0835,2023-05-02,United States,27,Consumer,Search
C0836,2024-07-15,United Kingdom,27,Corporate,Search
C0837,2024-09-11,Brazil,32,Consumer,Social media
C0838,2024-02-13,United States,60,Consumer,Direct
C0839,2023-05-06,Australia,55,Consumer,Search
C0840,2024-06-20,France,24,Consumer,Referral
C0841,2024-03-22,United States,35,Small business,Email
C0842,2023-01-08,Brazil,39,Consumer,Social media
C0843,2023-11-21,Australia,41,Corporate,Search
C0844,2023-06-24,United Kingdom,18,Consumer,Email
C0845,2024-05-10,Canada,39,Small business,Email
C0846,2024-01-14,Nigeria,42,Consumer,Social media
C0847,2023-04-20,France,29,Consumer,Search
C0848,2024-08-10,United States,41,Consumer,Search
C0849,2024-01-21,Japan,51,Consumer,Referral
C0850,2024-03-07,Canada,34,Small business,Direct
C0851,2024-07-26,United States,40,Consumer,Referral
C0852,2023-08-30,United States,47,Consumer,Direct
C0853,2024-11-14,United States,34,Consumer,Search
C0854,2023-07-02,Japan,35,Consumer,Social media
C0855,2024-05-20,Mexico,40,Consumer,Search
C0856,2024-09-19,France,20,Consumer,Referral
C0857,2024-02-20,Germany,18,Consumer,Email
C0858,2024-02-11,Canada,41,Corporate,Search
C0859,2024-08-24,United States,36,Consumer,Direct
C0860,2024-09-15,Brazil,37,Consumer,Email
C0861,2023-09-16,United States,35,Consumer,Referral
C0862,2023-03-17,United Kingdom,51,Small business,Direct
C0863,2023-11-11,India,47,Consumer,Search
C0864,2024-08-09,Brazil,41,Small business,Social media
C0865,2024-03-09,Mexico,49,Small business,Search
C0866,2023-02-20,United States,29,Consumer,Search
C0867,2024-12-18,Japan,22,Consumer,Search
C0868,2023-09-14,Brazil,44,Small business,Direct
C0869,2024-07-31,India,18,Consumer,Search
C0870,2023-10-20,United States,25,Consumer,Search
C0871,2023-05-24,United States,18,Consumer,Referral
C0872,2023-02-17,Canada,29,Consumer,Referral
C0873,2024-06-22,United Kingdom,42,Consumer,Referral
C0874,2024-11-09,Germany,31,Consumer,Referral
C0875,2023-10-11,Brazil,22,Consumer,Social media
C0876,2023-10-31,United States,30,Small business,Direct
C0877,2024-06-10,Brazil,26,Consumer,Direct
C0878,2023-02-17,United Kingdom,53,Consumer,Direct
C0879,2023-08-02,India,45,Consumer,Direct
C0880,2024-05-19,Germany,32,Consumer,Direct
C0881,2023-05-17,Germany,48,Consumer,Search
C0882,2023-09-02,United Kingdom,42,Small business,Email
C0883,2024-06-19,Germany,40,Corporate,Email
C0884,2024-03-13,India,30,Small business,Social media
C0885,2023-01-13,Brazil,46,Consumer,Email
C0886,2024-05-01,Germany,39,Corporate,Direct
C0887,2023-07-23,Japan,32,Consumer,Social media
C0888,2024-12-09,Mexico,34,Consumer,Social media
C0889,2024-01-21,United Kingdom,28,Consumer,Direct
C0890,2024-02-25,United States,19,Consumer,Referral
C0891,2024-10-13,Nigeria,26,Corporate,Referral
C0892,2024-04-14,United States,41,Consumer,Referral
C0893,2024-04-15,Brazil,34,Consumer,Email
C0894,2024-12-01,United Kingdom,53,Consumer,Search
C0895,2023-04-26,United Kingdom,34,Consumer,Search
C0896,2023-08-25,Mexico,26,Consumer,Social media
C0897,2023-08-16,United Kingdom,44,Small business,Search
C0898,2023-08-31,United States,37,Small business,Email
C0899,2023-08-22,India,31,Consumer,Search
C0900,2024-06-03,Japan,30,Consumer,Referral
C0901,2023-04-16,Canada,34,Consumer,Referral
C0902,2024-04-15,Germany,31,Consumer,Referral
C0903,2024-10-17,United Kingdom,51,Corporate,Email
C0904,2023-08-29,Brazil,42,Consumer,Social media
C0905,2024-11-30,Germany,32,Consumer,Direct
C0906,2024-11-13,Australia,32,Consumer,Search
C0907,2024-10-19,Brazil,31,Consumer,Direct
C0908,2024-12-14,France,47,Consumer,Search
C0909,2023-11-06,Germany,40,Consumer,Social media
C0910,2024-12-27,United Kingdom,24,Consumer,Social media
C0911,2024-01-28,France,30,Consumer,Social media
C0912,2024-05-23,Brazil,22,Small business,Email
C0913,2024-09-21,France,41,Consumer,Email
C0914,2024-08-29,United States,36,Consumer,Search
C0915,2023-02-20,India,61,Consumer,Social media
C0916,2024-10-19,Brazil,35,Consumer,Search
C0917,2023-12-25,Canada,31,Consumer,Search
C0918,2024-03-13,United States,33,Small business,Referral
C0919,2023-12-16,India,19,Consumer,Social media
C0920,2024-10-22,United Kingdom,38,Consumer,Search
C0921,2024-09-07,India,26,Consumer,Email
C0922,2024-02-07,India,31,Consumer,Referral
C0923,2023-11-03,India,44,Small business,Search
C0924,2023-08-26,Brazil,38,Consumer,Search
C0925,2023-09-27,India,33,Consumer,Search
C0926,2024-01-15,Canada,41,Small business,Social media
C0927,2023-10-24,United States,21,Consumer,Referral
C0928,2023-04-28,United Kingdom,29,Consumer,Social media
C0929,2024-06-23,Germany,43,Small business,Search
C0930,2024-12-10,Germany,32,Small business,Search
C0931,2024-03-09,Mexico,41,Consumer,Direct
C0932,2023-04-28,United Kingdom,43,Consumer,Referral
C0933,2023-05-03,Mexico,51,Small business,Search
C0934,2023-09-01,France,48,Small business,Search
C0935,2023-07-10,India,53,Consumer,Social media
C0936,2023-04-02,Japan,43,Consumer,Email
C0937,2023-08-28,United Kingdom,23,Consumer,Social media
C0938,2024-08-28,United States,39,Consumer,Search
C0939,2024-08-17,United Kingdom,18,Consumer,Search
C0940,2024-06-26,United States,27,Consumer,Email
C0941,2023-07-03,United Kingdom,34,Small business,Social media
C0942,2024-09-09,India,37,Consumer,Direct
C0943,2023-04-17,United States,35,Consumer,Search
C0944,2024-11-04,United States,33,Consumer,Search
C0945,2024-09-11,Australia,24,Consumer,Direct
C0946,2024-07-25,United States,18,Small business,Referral
C0947,2023-03-16,United States,37,Consumer,Social media
C0948,2024-03-14,United States,36,Small business,Search
C0949,2023-09-06,Germany,50,Consumer,Referral
C0950,2024-05-23,South Africa,37,Small business,Social media
C0951,2023-08-07,United States,18,Consumer,Social media
C0952,2024-09-12,United Kingdom,31,Consumer,Email
C0953,2023-08-09,United States,56,Consumer,Search
C0954,2023-04-27,Mexico,40,Small business,Search
C0955,2024-06-15,United States,34,Consumer,Search
C0956,2023-06-17,India,40,Consumer,Direct
C0957,2023-10-04,Japan,29,Consumer,Search
C0958,2024-02-27,Nigeria,61,Consumer,Social media
C0959,2023-09-20,United States,36,Consumer,Referral
C0960,2023-12-13,South Africa,46,Consumer,Search
C0961,2024-05-03,Canada,51,Consumer,Direct
C0962,2024-11-12,United States,36,Small business,Referral
C0963,2023-10-02,Mexico,40,Small business,Direct
C0964,2023-08-30,France,37,Consumer,Social media
C0965,2023-10-11,India,34,Consumer,Referral
C0966,2023-02-20,Canada,30,Small business,Social media
C0967,2024-07-04,Germany,44,Consumer,Social media
C0968,2023-07-28,Japan,45,Consumer,Social media
C0969,2024-05-25,United States,34,Small business,Direct
C0970,2023-05-11,Germany,43,Consumer,Direct
C0971,2023-01-26,Brazil,27,Consumer,Referral
C0972,2023-11-07,Australia,42,Consumer,Social media
C0973,2024-04-26,United States,38,Consumer,Direct
C0974,2023-03-19,Germany,59,Consumer,Social media
C0975,2023-02-16,India,22,Consumer,Referral
C0976,2024-03-30,France,31,Corporate,Social media
C0977,2024-05-30,United States,36,Consumer,Direct
C0978,2023-10-11,Japan,30,Consumer,Direct
C0979,2024-04-24,India,40,Small business,Direct
C0980,2023-06-16,Brazil,18,Consumer,Direct
C0981,2024-04-04,United States,36,Corporate,Email
C0982,2024-10-09,Nigeria,41,Small business,Referral
C0983,2024-11-23,Germany,38,Consumer,Social media
C0984,2024-12-22,Germany,28,Consumer,Direct
C0985,2023-08-02,Mexico,32,Consumer,Search
C0986,2024-05-15,India,31,Small business,Direct
C0987,2023-05-12,Germany,28,Consumer,Social media
C0988,2023-03-20,United States,32,Corporate,Search
C0989,2023-10-27,Australia,56,Corporate,Search
C0990,2024-01-20,India,43,Small business,Social media
C0991,2023-04-11,United Kingdom,19,Consumer,Search
C0992,2024-05-25,United Kingdom,52,Consumer,Direct
C0993,2024-12-05,United States,30,Consumer,Search
C0994,2023-12-08,United States,49,Consumer,Referral
C0995,2024-06-08,Canada,34,Consumer,Search
C0996,2023-05-04,South Africa,31,Small business,Referral
C0997,2024-07-12,United States,18,Consumer,Email
C0998,2023-09-11,United States,29,Consumer,Search
C0999,2024-06-13,United States,39,Consumer,Email
C1000,2024-10-15,Germany,51,Consumer,Email
C1001,2024-08-06,United States,38,Consumer,Referral
C1002,2023-01-30,United States,44,Consumer,Referral
C1003,2024-12-06,Germany,31,Small business,Search
C1004,2023-02-07,India,49,Consumer,Direct
C1005,2023-09-13,Brazil,30,Small business,Referral
C1006,2024-05-24,France,66,Small business,Email
C1007,2023-08-25,Germany,34,Consumer,Social media
C1008,2024-08-28,Japan,31,Corporate,Search
C1009,2023-01-06,United Kingdom,45,Consumer,Search
C1010,2024-03-26,Brazil,38,Consumer,Social media
C1011,2023-10-20,United States,22,Consumer,Referral
C1012,2024-10-19,India,36,Consumer,Email
C1013,2023-01-11,Australia,18,Consumer,Social media
C1014,2024-01-11,United Kingdom,47,Consumer,Direct
C1015,2023-01-04,United Kingdom,38,Consumer,Search
C1016,2024-04-19,United States,42,Consumer,Social media
C1017,2023-11-27,Germany,38,Consumer,Direct
C1018,2023-11-11,Australia,42,Consumer,Direct
C1019,2024-03-25,Canada,39,Consumer,Search
C1020,2024-07-31,Australia,32,Small business,Referral
C1021,2023-07-25,India,38,Consumer,Email
C1022,2023-01-26,Mexico,48,Consumer,Search
C1023,2024-10-10,Germany,32,Small business,Email
C1024,2023-10-13,United Kingdom,44,Corporate,Search
C1025,2024-03-06,Nigeria,47,Consumer,Referral
C1026,2023-09-22,United States,18,Consumer,Referral
C1027,2024-10-15,Germany,29,Small business,Referral
C1028,2023-03-21,South Africa,34,Consumer,Email
C1029,2024-12-27,Mexico,46,Consumer,Social media
C1030,2023-12-15,Germany,39,Corporate,Social media
C1031,2023-08-10,India,47,Consumer,Search
C1032,2024-06-27,Japan,47,Consumer,Search
C1033,2024-03-22,Germany,18,Consumer,Search
C1034,2023-04-19,United States,29,Consumer,Search
C1035,2024-07-31,United States,26,Consumer,Direct
C1036,2024-12-27,South Africa,34,Consumer,Search
C1037,2023-07-29,Japan,38,Consumer,Email
C1038,2023-05-27,Japan,39,Consumer,Search
C1039,2024-07-27,Australia,36,Consumer,Search
C1040,2024-10-19,United Kingdom,34,Small business,Search
C1041,2024-09-15,Canada,42,Consumer,Search
C1042,2023-01-15,Mexico,53,Consumer,Search
C1043,2024-12-03,Brazil,24,Consumer,Search
C1044,2024-01-08,United Kingdom,43,Corporate,Search
C1045,2024-11-12,United Kingdom,49,Consumer,Referral
C1046,2023-02-14,United Kingdom,33,Small business,Social media
C1047,2024-04-17,Mexico,44,Small business,Social media
C1048,2023-08-03,United States,30,Consumer,Email
C1049,2023-04-10,France,34,Small business,Search
C1050,2024-08-11,India,36,Consumer,Direct
C1051,2023-08-18,United Kingdom,45,Small business,Search
C1052,2024-03-20,United States,45,Consumer,Referral
C1053,2024-09-23,Mexico,26,Consumer,Direct
C1054,2024-10-12,Germany,36,Small business,Social media
C1055,2023-01-23,South Africa,38,Consumer,Referral
C1056,2023-12-23,India,36,Consumer,Email
C1057,2023-07-16,South Africa,37,Corporate,Direct
C1058,2023-03-21,Brazil,29,Corporate,Search
C1059,2023-10-09,United Kingdom,27,Consumer,Social media
C1060,2023-02-26,Japan,37,Consumer,Referral
C1061,2023-06-26,United Kingdom,18,Consumer,Direct
C1062,2024-01-22,Japan,35,Small business,Referral
C1063,2024-04-20,Canada,31,Small business,Search
C1064,2024-11-01,United Kingdom,46,Consumer,Email
C1065,2023-06-04,India,42,Small business,Email
C1066,2024-12-20,Germany,29,Consumer,Referral
C1067,2023-05-25,United States,33,Corporate,Social media
C1068,2024-07-02,South Africa,33,Consumer,Social media
C1069,2024-09-22,United States,26,Consumer,Search
C1070,2023-02-20,India,18,Consumer,Social media
C1071,2024-04-17,France,43,Consumer,Referral
C1072,2023-05-08,France,44,Consumer,Social media
C1073,2024-10-26,United Kingdom,22,Small business,Social media
C1074,2024-04-06,Canada,18,Consumer,Social media
C1075,2024-08-31,United Kingdom,34,Consumer,Referral
C1076,2024-03-05,India,44,Consumer,Search
C1077,2023-11-14,United Kingdom,24,Consumer,Referral
C1078,2024-10-26,Australia,40,Consumer,Search
C1079,2023-12-24,United Kingdom,40,Small business,Direct
C1080,2023-12-19,Australia,47,Consumer,Direct
C1081,2023-02-26,Brazil,27,Small business,Email
C1082,2023-07-21,United Kingdom,35,Corporate,Search
C1083,2023-03-18,United Kingdom,34,Consumer,Referral
C1084,2023-03-29,Nigeria,34,Consumer,Search
C1085,2023-02-28,Japan,32,Consumer,Direct
C1086,2024-07-02,Mexico,53,Consumer,Search
C1087,2023-05-28,Canada,38,Consumer,Direct
C1088,2024-10-23,Nigeria,29,Consumer,Social media
C1089,2023-09-16,United States,50,Consumer,Search
C1090,2024-06-15,United Kingdom,56,Corporate,Social media
C1091,2023-02-04,Australia,23,Consumer,Search
C1092,2023-04-28,United States,32,Consumer,Search
C1093,2024-07-27,Canada,43,Small business,Email
C1094,2024-03-26,United States,38,Consumer,Social media
C1095,2023-11-18,Japan,26,Consumer,Direct
C1096,2024-10-18,Canada,42,Small business,Direct
C1097,2024-09-05,Brazil,37,Corporate,Direct
C1098,2023-12-16,Japan,48,Consumer,Social media
C1099,2023-05-20,United States,62,Consumer,Search
C1100,2023-01-29,Nigeria,50,Consumer,Social media
C1101,2024-09-29,Germany,35,Consumer,Search
C1102,2023-07-18,France,30,Consumer,Direct
C1103,2023-09-06,United States,35,Consumer,Search
C1104,2024-04-25,Brazil,18,Consumer,Search
C1105,2023-10-29,Japan,22,Consumer,Referral
C1106,2023-04-02,Nigeria,26,Consumer,Social media
C1107,2024-03-27,United Kingdom,63,Consumer,Social media
C1108,2023-09-13,India,34,Consumer,Social media
C1109,2024-06-25,India,53,Consumer,Direct
C1110,2024-12-16,Nigeria,54,Consumer,Social media
C1111,2024-05-02,India,38,Consumer,Search
C1112,2023-04-06,India,40,Consumer,Direct
C1113,2024-06-25,South Africa,43,Corporate,Direct
C1114,2023-11-15,Germany,25,Consumer,Search
C1115,2024-03-24,Canada,49,Consumer,Email
C1116,2024-04-18,Nigeria,23,Small business,Social media
C1117,2024-06-03,Japan,34,Consumer,Social media
C1118,2023-06-04,United States,38,Consumer,Direct
C1119,2023-08-06,South Africa,18,Consumer,Social media
C1120,2024-08-14,United States,40,Consumer,Search
C1121,2024-12-25,India,19,Corporate,Direct
C1122,2023-05-06,France,21,Consumer,Email
C1123,2023-07-19,United States,48,Consumer,Search
C1124,2024-03-12,United Kingdom,57,Consumer,Referral
C1125,2024-03-24,Mexico,18,Consumer,Search
C1126,2023-01-28,India,27,Consumer,Email
C1127,2023-01-02,Canada,18,Corporate,Search
C1128,2024-12-30,France,38,Consumer,Social media
C1129,2023-10-11,India,45,Small business,Direct
C1130,2024-01-20,South Africa,37,Consumer,Direct
C1131,2023-09-28,France,64,Consumer,Direct
C1132,2023-06-24,France,25,Consumer,Direct
C1133,2023-08-29,India,22,Consumer,Referral
C1134,2023-04-09,United States,37,Consumer,Referral
C1135,2023-03-02,France,47,Consumer,Search
C1136,2023-01-30,United States,19,Small business,Search
C1137,2023-04-29,Japan,21,Small business,Social media
C1138,2023-07-14,Japan,38,Consumer,Email
C1139,2024-10-23,United States,41,Small business,Referral
C1140,2024-09-06,Germany,32,Consumer,Search
C1141,2024-05-19,United Kingdom,37,Consumer,Email
C1142,2023-07-01,United Kingdom,43,Corporate,Search
C1143,2024-01-09,Brazil,18,Consumer,Search
C1144,2024-11-16,South Africa,57,Consumer,Social media
C1145,2024-08-13,United States,47,Small business,Social media
C1146,2024-12-25,Japan,38,Consumer,Referral
C1147,2023-10-08,United States,42,Corporate,Email
C1148,2024-02-24,South Africa,29,Consumer,Direct
C1149,2024-11-13,Brazil,33,Consumer,Search
C1150,2023-03-27,India,28,Consumer,Social media
C1151,2023-09-13,United Kingdom,34,Consumer,Referral
C1152,2023-09-06,United Kingdom,32,Consumer,Referral
C1153,2023-12-08,Mexico,37,Consumer,Direct
C1154,2024-05-28,United Kingdom,50,Consumer,Direct
C1155,2023-04-07,United States,45,Consumer,Direct
C1156,2023-09-30,United Kingdom,46,Consumer,Email
C1157,2023-10-11,Mexico,36,Small business,Search
C1158,2024-04-19,Canada,20,Consumer,Direct
C1159,2024-04-07,United States,56,Consumer,Search
C1160,2024-05-18,India,35,Consumer,Search
C1161,2023-09-05,Mexico,46,Consumer,Direct
C1162,2023-05-04,Germany,39,Small business,Direct
C1163,2024-07-06,Canada,36,Consumer,Search
C1164,2023-08-03,Brazil,38,Corporate,Social media
C1165,2024-09-10,United States,42,Consumer,Search
C1166,2024-04-24,Brazil,35,Small business,Search
C1167,2024-02-22,India,22,Consumer,Referral
C1168,2024-01-09,Nigeria,28,Corporate,Referral
C1169,2023-05-12,United Kingdom,47,Consumer,Social media
C1170,2024-01-05,Australia,40,Consumer,Search
C1171,2024-02-24,India,37,Consumer,Search
C1172,2023-03-30,United States,54,Consumer,Social media
C1173,2024-08-18,Germany,48,Consumer,Referral
C1174,2024-10-21,Brazil,26,Consumer,Search
C1175,2024-02-11,Japan,37,Small business,Referral
C1176,2023-01-22,Mexico,28,Corporate,Search
C1177,2023-03-06,Germany,25,Consumer,Direct
C1178,2024-07-02,United States,40,Consumer,Social media
C1179,2023-10-24,India,18,Consumer,Email
C1180,2023-08-02,India,49,Consumer,Search
C1181,2024-03-29,France,54,Corporate,Email
C1182,2024-07-16,United Kingdom,30,Consumer,Search
C1183,2023-02-02,Brazil,30,Consumer,Referral
C1184,2023-08-17,South Africa,37,Consumer,Social media
C1185,2023-11-25,Germany,25,Consumer,Email
C1186,2024-08-10,Nigeria,47,Consumer,Email
C1187,2024-06-04,India,30,Consumer,Search
C1188,2024-03-27,United States,42,Consumer,Referral
C1189,2024-02-01,United States,40,Consumer,Social media
C1190,2024-12-03,United States,42,Consumer,Direct
C1191,2023-10-14,United States,28,Small business,Search
C1192,2024-06-06,United States,18,Consumer,Direct
C1193,2024-10-27,United States,43,Consumer,Email
C1194,2024-10-17,Germany,38,Consumer,Search
C1195,2024-10-24,Canada,37,Consumer,Social media
C1196,2023-09-15,France,47,Consumer,Search
C1197,2023-09-13,India,22,Small business,Referral
C1198,2024-05-27,India,27,Consumer,Direct
C1199,2023-01-03,United States,21,Small business,Direct
C1200,2024-05-16,United States,55,Consumer,Search
C1201,2023-06-01,United Kingdom,36,Small business,Search
C1202,2023-05-31,Brazil,43,Corporate,Social media
C1203,2024-07-06,Canada,23,Consumer,Email
C1204,2024-07-12,United Kingdom,21,Consumer,Social media
C1205,2024-08-01,United States,36,Corporate,Email
C1206,2024-02-01,United States,42,Small business,Direct
C1207,2023-08-16,Mexico,37,Small business,Search
C1208,2024-10-31,United Kingdom,35,Consumer,Social media
C1209,2024-11-08,France,52,Consumer,Social media
C1210,2024-01-08,Brazil,26,Consumer,Social media
C1211,2023-11-11,United Kingdom,57,Consumer,Referral
C1212,2024-09-26,Japan,20,Consumer,Direct
C1213,2023-12-26,United States,23,Consumer,Search
C1214,2023-08-15,United States,34,Small business,Email
C1215,2023-03-30,India,33,Consumer,Email
C1216,2023-09-15,France,44,Consumer,Search
C1217,2023-03-29,United States,26,Consumer,Search
C1218,2024-02-11,India,23,Consumer,Search
C1219,2024-03-10,United Kingdom,35,Consumer,Referral
C1220,2023-02-21,Nigeria,42,Consumer,Search
C1221,2023-11-13,United States,51,Consumer,Direct
C1222,2023-11-16,United States,25,Small business,Referral
C1223,2023-09-30,United Kingdom,35,Consumer,Referral
C1224,2024-10-13,India,47,Consumer,Referral
C1225,2023-05-27,Brazil,51,Consumer,Direct
C1226,2024-04-25,Canada,38,Consumer,Search
C1227,2023-01-02,United States,31,Consumer,Search
C1228,2024-11-13,Germany,22,Consumer,Social media
C1229,2024-09-19,Mexico,51,Small business,Direct
C1230,2024-11-03,India,18,Consumer,Email
C1231,2024-02-13,United States,43,Consumer,Direct
C1232,2023-03-17,Canada,36,Consumer,Direct
C1233,2024-08-24,Germany,32,Small business,Direct
C1234,2023-07-07,Japan,42,Small business,Email
C1235,2023-04-21,United States,24,Consumer,Email
C1236,2024-06-23,Mexico,39,Small business,Social media
C1237,2023-08-08,Brazil,39,Small business,Search
C1238,2023-11-22,Nigeria,57,Consumer,Search
C1239,2024-11-09,United Kingdom,41,Small business,Social media
C1240,2024-08-01,Germany,38,Consumer,Referral
C1241,2024-04-19,Brazil,34,Consumer,Email
C1242,2023-12-17,India,45,Consumer,Direct
C1243,2024-03-19,Brazil,36,Consumer,Direct
C1244,2023-05-23,United States,39,Consumer,Search
C1245,2024-02-02,Japan,47,Consumer,Search
C1246,2023-07-28,United States,28,Small business,Social media
C1247,2023-05-06,Nigeria,27,Consumer,Search
C1248,2024-02-12,Germany,21,Corporate,Social media
C1249,2024-11-05,Nigeria,51,Corporate,Search
C1250,2024-10-10,Canada,49,Consumer,Social media
C1251,2024-10-21,Nigeria,40,Corporate,Email
C1252,2023-01-17,India,52,Consumer,Search
C1253,2023-06-20,France,50,Consumer,Search
C1254,2024-01-08,United Kingdom,32,Small business,Email
C1255,2023-01-07,United States,37,Consumer,Search
C1256,2024-02-12,Mexico,53,Corporate,Direct
C1257,2023-03-06,United States,41,Consumer,Search
C1258,2024-10-28,United Kingdom,45,Consumer,Email
C1259,2023-03-29,Japan,25,Small business,Direct
C1260,2023-02-08,Canada,43,Consumer,Referral
C1261,2023-06-26,United Kingdom,18,Consumer,Search
C1262,2023-10-20,Mexico,47,Consumer,Email
C1263,2023-09-03,Canada,18,Consumer,Referral
C1264,2024-06-03,Mexico,31,Consumer,Search
C1265,2023-06-04,Mexico,43,Consumer,Referral
C1266,2023-05-29,Germany,33,Consumer,Referral
C1267,2024-11-10,Mexico,38,Consumer,Referral
C1268,2024-04-29,France,26,Consumer,Social media
C1269,2024-06-04,United Kingdom,55,Consumer,Email
C1270,2023-07-06,Brazil,47,Consumer,Search
C1271,2024-01-13,Canada,33,Consumer,Social media
C1272,2024-01-22,Mexico,54,Small business,Social media
C1273,2024-05-09,Canada,30,Consumer,Social media
C1274,2024-02-07,Germany,37,Consumer,Direct
C1275,2023-11-21,France,31,Consumer,Search
C1276,2023-03-19,India,45,Consumer,Referral
C1277,2023-02-26,Australia,50,Consumer,Search
C1278,2024-02-03,United States,27,Consumer,Referral
C1279,2024-02-15,United Kingdom,18,Small business,Search
C1280,2023-12-27,United States,41,Consumer,Referral
C1281,2023-10-20,Japan,39,Consumer,Social media
C1282,2023-06-06,Nigeria,41,Small business,Email
C1283,2024-08-25,United States,33,Small business,Email
C1284,2023-01-11,Germany,50,Corporate,Social media
C1285,2023-12-29,Japan,35,Consumer,Social media
C1286,2024-07-27,France,33,Consumer,Direct
C1287,2024-11-07,United Kingdom,21,Consumer,Search
C1288,2023-11-29,Canada,34,Consumer,Social media
C1289,2023-04-07,India,30,Consumer,Search
C1290,2023-12-27,Nigeria,33,Consumer,Social media
C1291,2023-01-13,Nigeria,34,Small business,Email
C1292,2023-09-28,United States,53,Consumer,Search
C1293,2024-12-22,Japan,50,Small business,Search
C1294,2023-09-23,United Kingdom,36,Consumer,Email
C1295,2024-03-31,United States,56,Small business,Direct
C1296,2024-02-19,France,33,Consumer,Search
C1297,2024-12-06,United States,37,Consumer,Direct
C1298,2024-02-09,United Kingdom,23,Corporate,Direct
C1299,2024-07-07,United Kingdom,29,Consumer,Email
C1300,2023-09-18,South Africa,72,Consumer,Direct
C1301,2024-12-11,South Africa,20,Consumer,Email
C1302,2024-02-29,Mexico,27,Consumer,Search
C1303,2023-12-17,United States,37,Consumer,Referral
C1304,2023-09-20,Japan,18,Consumer,Direct
C1305,2023-09-17,France,45,Consumer,Referral
C1306,2023-11-19,Germany,45,Consumer,Search
C1307,2023-06-19,United States,41,Consumer,Direct
C1308,2023-09-21,India,20,Small business,Social media
C1309,2024-02-21,United States,26,Consumer,Direct
C1310,2023-01-19,India,30,Small business,Search
C1311,2024-09-22,Nigeria,43,Consumer,Direct
C1312,2023-02-18,South Africa,61,Consumer,Search
C1313,2024-07-06,Germany,28,Consumer,Direct
C1314,2024-10-26,India,31,Consumer,Search
C1315,2023-07-20,France,27,Small business,Search
C1316,2023-12-13,United States,41,Consumer,Direct
C1317,2024-08-23,United Kingdom,22,Consumer,Email
C1318,2023-04-12,Germany,40,Small business,Search
C1319,2024-11-15,Japan,52,Small business,Direct
C1320,2024-04-07,Brazil,28,Consumer,Direct
C1321,2024-03-01,France,38,Consumer,Social media
C1322,2024-09-05,United Kingdom,35,Consumer,Direct
C1323,2024-01-28,South Africa,22,Consumer,Direct
C1324,2023-09-15,France,27,Consumer,Search
C1325,2024-03-25,Brazil,30,Corporate,Search
C1326,2023-11-02,Japan,18,Consumer,Social media
C1327,2023-03-23,United States,22,Small business,Social media
C1328,2024-10-31,Japan,46,Small business,Referral
C1329,2024-03-13,United Kingdom,33,Consumer,Social media
C1330,2024-11-07,Canada,26,Small business,Search
C1331,2023-06-05,South Africa,42,Consumer,Direct
C1332,2024-08-26,Canada,40,Small business,Search
C1333,2024-06-12,United States,24,Consumer,Direct
C1334,2023-12-01,France,33,Small business,Search
C1335,2023-06-11,India,18,Consumer,Email
C1336,2023-09-14,India,34,Consumer,Referral
C1337,2023-04-23,United Kingdom,51,Consumer,Direct
C1338,2023-02-14,Canada,37,Small business,Direct
C1339,2023-02-10,Nigeria,32,Small business,Direct
C1340,2024-06-06,United States,44,Consumer,Search
C1341,2024-07-31,India,18,Consumer,Social media
C1342,2023-05-25,South Africa,54,Consumer,Search
C1343,2024-11-20,Germany,45,Corporate,Social media
C1344,2024-07-09,Canada,48,Small business,Social media
C1345,2023-07-14,Mexico,18,Corporate,Search
C1346,2024-09-19,South Africa,21,Small business,Referral
C1347,2023-10-26,Japan,30,Consumer,Referral
C1348,2023-12-29,Germany,18,Consumer,Social media
C1349,2023-05-17,Australia,44,Consumer,Social media
C1350,2024-03-18,Japan,31,Consumer,Search
C1351,2024-05-11,Mexico,18,Consumer,Search
C1352,2024-04-04,United States,40,Consumer,Social media
C1353,2024-09-29,Germany,36,Small business,Search
C1354,2023-07-11,Brazil,33,Corporate,Search
C1355,2024-10-11,Mexico,24,Consumer,Social media
C1356,2023-08-11,Mexico,36,Consumer,Referral
C1357,2024-02-09,South Africa,34,Consumer,Email
C1358,2023-08-16,United States,24,Small business,Social media
C1359,2024-07-09,United Kingdom,45,Small business,Search
C1360,2024-04-14,Japan,32,Consumer,Direct
C1361,2024-12-13,India,36,Small business,Direct
C1362,2024-09-14,United States,34,Corporate,Search
C1363,2023-07-14,United Kingdom,31,Consumer,Referral
C1364,2024-06-28,United States,26,Consumer,Search
C1365,2023-12-06,United States,33,Consumer,Search
C1366,2024-03-26,Canada,19,Small business,Search
C1367,2024-06-10,Nigeria,40,Consumer,Search
C1368,2023-03-06,United Kingdom,31,Consumer,Social media
C1369,2023-07-02,United Kingdom,35,Consumer,Search
C1370,2023-10-01,Australia,40,Consumer,Search
C1371,2023-11-04,Mexico,37,Consumer,Email
C1372,2023-11-25,United Kingdom,34,Small business,Search
C1373,2024-12-08,France,19,Consumer,Direct
C1374,2024-05-17,United States,52,Consumer,Email
C1375,2024-01-15,Brazil,24,Consumer,Referral
C1376,2024-08-20,Nigeria,18,Small business,Social media
C1377,2023-02-06,United States,37,Corporate,Email
C1378,2023-12-11,United Kingdom,28,Small business,Social media
C1379,2024-08-25,India,20,Consumer,Social media
C1380,2024-08-13,India,27,Corporate,Search
C1381,2024-04-15,United States,18,Consumer,Social media
C1382,2023-12-01,United States,26,Consumer,Social media
C1383,2024-10-09,United States,35,Consumer,Search
C1384,2023-06-30,Canada,57,Consumer,Search
C1385,2024-06-04,Canada,46,Consumer,Social media
C1386,2023-03-14,Nigeria,50,Consumer,Direct
C1387,2023-06-14,India,35,Consumer,Social media
C1388,2023-08-06,United States,37,Consumer,Search
C1389,2024-05-05,South Africa,41,Small business,Direct
C1390,2023-12-03,United States,25,Small business,Search
C1391,2023-04-04,United Kingdom,31,Consumer,Search
C1392,2024-06-24,Australia,46,Small business,Referral
C1393,2024-06-02,United States,36,Consumer,Direct
C1394,2024-09-27,United States,18,Consumer,Search
C1395,2023-08-24,United States,38,Consumer,Social media
C1396,2023-11-01,South Africa,21,Consumer,Search
C1397,2023-03-03,United States,52,Consumer,Email
C1398,2023-08-14,France,58,Consumer,Search
C1399,2024-06-12,Japan,35,Consumer,Email
C1400,2024-01-18,Nigeria,40,Consumer,Referral
C1401,2023-05-22,Germany,24,Consumer,Social media
C1402,2023-10-01,United Kingdom,29,Consumer,Direct
C1403,2024-11-07,Brazil,32,Small business,Social media
C1404,2023-06-28,Mexico,33,Consumer,Email
C1405,2024-08-05,United States,29,Small business,Search
C1406,2024-06-30,France,33,Corporate,Email
C1407,2024-11-20,Canada,26,Consumer,Search
C1408,2023-07-07,Australia,40,Consumer,Email
C1409,2023-07-15,Mexico,34,Corporate,Social media
C1410,2024-06-15,India,51,Consumer,Search
C1411,2023-10-21,Mexico,27,Consumer,Direct
C1412,2024-04-20,United States,42,Consumer,Direct
C1413,2023-03-29,United Kingdom,37,Consumer,Referral
C1414,2023-08-20,Canada,33,Consumer,Social media
C1415,2024-08-17,Canada,55,Corporate,Social media
C1416,2024-08-08,United States,52,Consumer,Email
C1417,2024-11-14,Nigeria,31,Consumer,Social media
C1418,2023-08-21,United Kingdom,54,Consumer,Search
C1419,2023-02-07,France,18,Corporate,Social media
C1420,2024-09-03,Nigeria,28,Consumer,Search
C1421,2024-02-26,United States,21,Consumer,Social media
C1422,2024-04-25,United Kingdom,31,Consumer,Social media
C1423,2024-01-02,France,40,Consumer,Search
C1424,2023-03-10,Japan,32,Small business,Search
C1425,2023-02-02,United States,35,Small business,Search
C1426,2023-12-03,United States,58,Consumer,Referral
C1427,2024-04-27,Mexico,34,Consumer,Search
C1428,2023-05-22,India,28,Small business,Direct
C1429,2023-02-27,France,46,Consumer,Social media
C1430,2023-12-17,Australia,32,Consumer,Social media
C1431,2023-05-01,Mexico,34,Small business,Search
C1432,2023-02-10,United States,21,Consumer,Social media
C1433,2024-03-08,India,28,Consumer,Search
C1434,2023-03-03,Mexico,38,Consumer,Search
C1435,2024-08-22,United States,19,Consumer,Social media
C1436,2024-01-26,United States,38,Consumer,Social media
C1437,2024-12-06,India,32,Corporate,Search
C1438,2024-06-03,United Kingdom,22,Small business,Search
C1439,2024-06-26,South Africa,30,Small business,Direct
C1440,2023-05-02,Canada,23,Small business,Direct
C1441,2023-01-06,Germany,48,Small business,Referral
C1442,2024-02-09,United States,22,Consumer,Social media
C1443,2023-07-30,India,44,Consumer,Referral
C1444,2024-06-03,Canada,39,Consumer,Direct
C1445,2023-09-20,United States,43,Consumer,Social media
C1446,2024-09-04,Brazil,42,Small business,Social media
C1447,2024-02-02,United States,36,Small business,Direct
C1448,2023-11-17,United States,46,Consumer,Referral
C1449,2023-10-24,United States,36,Consumer,Social media
C1450,2024-12-24,Brazil,31,Consumer,Referral
C1451,2024-08-09,Canada,37,Consumer,Search
C1452,2024-12-15,United Kingdom,41,Consumer,Referral
C1453,2024-01-27,Brazil,18,Small business,Social media
C1454,2024-08-20,United Kingdom,42,Consumer,Social media
C1455,2024-05-14,India,41,Small business,Social media
C1456,2023-09-12,Australia,35,Consumer,Social media
C1457,2024-10-09,Canada,26,Consumer,Direct
C1458,2023-05-04,Nigeria,50,Corporate,Email
C1459,2024-03-08,United Kingdom,37,Small business,Email
C1460,2023-05-26,United States,46,Small business,Search
C1461,2024-08-19,Nigeria,55,Consumer,Referral
C1462,2024-10-31,United States,18,Consumer,Referral
C1463,2023-01-11,Mexico,18,Consumer,Referral
C1464,2023-02-09,United States,50,Consumer,Email
C1465,2023-10-20,United States,18,Consumer,Email
C1466,2023-11-03,United States,18,Small business,Email
C1467,2024-07-15,Brazil,48,Consumer,Social media
C1468,2024-09-03,France,44,Consumer,Direct
C1469,2023-03-31,Japan,40,Consumer,Social media
C1470,2023-06-07,Germany,37,Consumer,Referral
C1471,2024-02-06,France,32,Consumer,Direct
C1472,2023-04-02,Canada,44,Corporate,Search
C1473,2023-10-05,United Kingdom,32,Consumer,Direct
C1474,2023-06-29,India,34,Consumer,Search
C1475,2023-08-25,France,47,Consumer,Social media
C1476,2024-05-31,South Africa,44,Small business,Social media
C1477,2024-08-26,United States,18,Consumer,Direct
C1478,2024-04-01,Canada,18,Consumer,Email
C1479,2024-08-11,France,24,Consumer,Direct
C1480,2023-03-07,United States,40,Consumer,Direct
C1481,2023-10-03,Germany,39,Consumer,Search
C1482,2023-04-21,France,50,Consumer,Referral
C1483,2023-10-07,Canada,39,Consumer,Search
C1484,2024-03-06,India,48,Consumer,Search
C1485,2024-09-01,South Africa,50,Consumer,Direct
C1486,2024-02-01,Japan,43,Corporate,Search
C1487,2023-12-11,India,33,Consumer,Search
C1488,2024-06-11,India,45,Consumer,Social media
C1489,2024-11-17,United Kingdom,23,Small business,Social media
C1490,2023-06-17,France,34,Consumer,Referral
C1491,2023-02-04,France,47,Consumer,Direct
C1492,2024-01-26,South Africa,28,Small business,Search
C1493,2024-10-10,South Africa,25,Consumer,Referral
C1494,2024-08-24,Australia,53,Consumer,Search
C1495,2023-05-17,United Kingdom,47,Consumer,Direct
C1496,2024-12-03,Canada,41,Consumer,Social media
C1497,2024-09-06,United Kingdom,60,Small business,Search
C1498,2024-07-07,Canada,40,Small business,Email
C1499,2024-02-03,India,32,Consumer,Direct
C1500,2024-10-01,Canada,39,Consumer,Direct
C1501,2023-01-19,Nigeria,45,Consumer,Direct
C1502,2023-05-29,Germany,33,Consumer,Direct
C1503,2024-06-16,Mexico,34,Consumer,Referral
C1504,2023-12-21,Germany,53,Consumer,Search
C1505,2023-01-02,India,45,Consumer,Referral
C1506,2024-12-12,United Kingdom,45,Small business,Referral
C1507,2024-02-19,United Kingdom,39,Consumer,Direct
C1508,2024-03-25,Mexico,34,Consumer,Search
C1509,2024-08-08,Brazil,57,Consumer,Social media
C1510,2023-04-20,United States,28,Consumer,Search
C1511,2024-02-25,Mexico,54,Consumer,Search
C1512,2023-10-08,Germany,52,Consumer,Social media
C1513,2023-03-04,Germany,19,Consumer,Referral
C1514,2023-05-18,United Kingdom,57,Consumer,Email
C1515,2024-04-15,United States,38,Small business,Direct
C1516,2024-08-26,United States,37,Consumer,Search
C1517,2023-03-21,United Kingdom,25,Consumer,Referral
C1518,2023-04-23,United Kingdom,33,Corporate,Search
C1519,2023-01-25,United States,45,Consumer,Social media
C1520,2023-11-16,United Kingdom,25,Consumer,Direct
C1521,2023-12-29,Germany,29,Consumer,Referral
C1522,2023-12-22,United States,41,Consumer,Direct
C1523,2023-05-21,United Kingdom,32,Consumer,Search
C1524,2024-01-03,Mexico,31,Consumer,Social media
C1525,2023-12-28,United States,39,Small business,Social media
C1526,2024-09-02,United Kingdom,38,Small business,Search
C1527,2024-08-06,United Kingdom,50,Consumer,Direct
C1528,2023-02-03,Japan,35,Consumer,Search
C1529,2024-07-08,India,40,Consumer,Search
C1530,2023-05-15,United States,23,Consumer,Social media
C1531,2023-09-24,Canada,45,Consumer,Referral
C1532,2023-05-27,United States,34,Consumer,Social media
C1533,2024-09-07,United States,27,Corporate,Social media
C1534,2023-11-24,Canada,18,Corporate,Email
C1535,2023-09-17,Australia,42,Consumer,Referral
C1536,2024-10-30,Nigeria,36,Consumer,Referral
C1537,2024-06-04,South Africa,43,Consumer,Social media
C1538,2024-06-16,Mexico,31,Consumer,Social media
C1539,2024-09-20,United States,37,Consumer,Direct
C1540,2023-11-21,Canada,45,Consumer,Search
C1541,2023-05-02,United States,31,Small business,Social media
C1542,2023-09-04,South Africa,57,Small business,Search
C1543,2023-01-22,France,28,Small business,Social media
C1544,2024-08-13,South Africa,55,Corporate,Direct
C1545,2023-08-21,Canada,37,Corporate,Search
C1546,2024-04-15,United States,38,Consumer,Search
C1547,2023-10-11,Brazil,29,Consumer,Referral
C1548,2024-05-28,Brazil,18,Small business,Search
C1549,2023-10-13,Germany,22,Consumer,Direct
C1550,2024-10-13,United States,35,Small business,Direct
C1551,2024-11-15,United Kingdom,31,Consumer,Email
C1552,2023-02-07,United States,49,Consumer,Direct
C1553,2023-09-23,United Kingdom,33,Small business,Social media
C1554,2024-08-14,Japan,53,Consumer,Search
C1555,2023-05-01,United States,49,Consumer,Search
C1556,2024-12-22,United Kingdom,37,Consumer,Social media
C1557,2023-08-22,Canada,38,Corporate,Social media
C1558,2023-12-31,United States,24,Consumer,Direct
C1559,2023-10-11,United States,41,Small business,Direct
C1560,2023-02-24,Canada,37,Consumer,Social media
C1561,2023-05-20,United States,36,Consumer,Search
C1562,2023-03-12,United States,44,Consumer,Direct
C1563,2023-09-13,United States,24,Small business,Social media
C1564,2024-10-25,Nigeria,48,Consumer,Referral
C1565,2023-08-13,India,53,Small business,Direct
C1566,2023-05-11,Japan,22,Consumer,Referral
C1567,2024-11-13,Mexico,39,Small business,Social media
C1568,2024-07-17,Japan,36,Small business,Social media
C1569,2023-03-24,Germany,33,Consumer,Search
C1570,2024-07-06,Brazil,58,Consumer,Search
C1571,2023-05-30,United Kingdom,29,Small business,Referral
C1572,2023-10-23,United Kingdom,20,Consumer,Referral
C1573,2024-01-31,Japan,48,Consumer,Social media
C1574,2023-06-16,India,45,Consumer,Direct
C1575,2023-10-25,United Kingdom,28,Corporate,Search
C1576,2023-03-27,South Africa,28,Small business,Search
C1577,2024-11-24,United States,32,Small business,Search
C1578,2023-07-29,Canada,24,Consumer,Social media
C1579,2023-10-19,United Kingdom,47,Small business,Direct
C1580,2024-04-09,United Kingdom,27,Corporate,Search
C1581,2023-05-18,India,39,Consumer,Search
C1582,2024-08-29,Canada,22,Consumer,Social media
C1583,2024-11-21,United States,30,Consumer,Social media
C1584,2023-12-19,United States,29,Consumer,Email
C1585,2023-04-07,India,44,Corporate,Social media
C1586,2023-03-28,India,57,Corporate,Search
C1587,2023-09-13,Germany,43,Consumer,Social media
C1588,2024-08-23,France,32,Consumer,Search
C1589,2023-01-22,Mexico,29,Small business,Social media
C1590,2024-01-03,Germany,29,Consumer,Direct
C1591,2024-04-07,India,22,Consumer,Direct
C1592,2023-11-21,Germany,32,Consumer,Email
C1593,2024-02-15,Canada,34,Consumer,Referral
C1594,2024-06-24,Germany,54,Consumer,Search
C1595,2024-06-03,Japan,43,Small business,Direct
C1596,2023-01-28,Brazil,54,Consumer,Direct
C1597,2024-07-13,Germany,18,Consumer,Search
C1598,2023-05-13,United States,28,Consumer,Search
C1599,2024-09-09,Nigeria,40,Consumer,Search
C1600,2023-01-25,Australia,40,Small business,Direct
C1601,2024-04-05,Nigeria,60,Consumer,Direct
C1602,2023-07-05,Brazil,41,Consumer,Referral
C1603,2023-06-21,France,39,Corporate,Direct
C1604,2023-12-06,United States,24,Consumer,Search
C1605,2023-01-01,Germany,37,Consumer,Referral
C1606,2023-05-15,United States,31,Small business,Direct
C1607,2023-11-29,Nigeria,34,Small business,Email
C1608,2023-01-26,United States,43,Small business,Referral
C1609,2023-04-24,United States,34,Corporate,Social media
C1610,2023-02-28,United Kingdom,18,Consumer,Social media
C1611,2023-08-20,United States,44,Consumer,Direct
C1612,2023-09-16,Nigeria,27,Consumer,Direct
C1613,2024-07-17,Mexico,43,Small business,Search
C1614,2023-11-19,Mexico,38,Consumer,Direct
C1615,2023-05-20,Nigeria,41,Consumer,Search
C1616,2023-05-10,South Africa,32,Consumer,Social media
C1617,2024-08-11,South Africa,31,Consumer,Email
C1618,2023-12-23,United States,30,Consumer,Social media
C1619,2023-07-03,France,41,Small business,Direct
C1620,2024-04-09,India,48,Small business,Referral
C1621,2023-07-22,United States,24,Consumer,Email
C1622,2023-09-10,Japan,18,Consumer,Referral
C1623,2023-03-25,Canada,37,Corporate,Social media
C1624,2024-01-16,India,39,Consumer,Search
C1625,2024-04-01,United States,35,Consumer,Email
C1626,2023-05-19,United Kingdom,43,Consumer,Referral
C1627,2024-10-17,Nigeria,35,Consumer,Direct
C1628,2023-09-24,India,39,Consumer,Referral
C1629,2024-12-02,United States,40,Consumer,Social media
C1630,2023-10-05,United States,31,Consumer,Social media
C1631,2023-11-07,India,33,Small business,Search
C1632,2024-05-07,France,37,Consumer,Search
C1633,2024-02-13,United States,27,Small business,Search
C1634,2024-07-21,Nigeria,53,Consumer,Email
C1635,2023-03-26,United Kingdom,36,Consumer,Search
C1636,2023-08-21,Nigeria,32,Consumer,Referral
C1637,2023-03-26,Canada,28,Consumer,Email
C1638,2024-05-05,Canada,51,Consumer,Referral
C1639,2023-07-12,United States,46,Small business,Direct
C1640,2023-07-03,South Africa,28,Small business,Social media
C1641,2023-10-09,United States,23,Small business,Email
C1642,2024-10-03,India,44,Small business,Social media
C1643,2024-12-16,Germany,54,Consumer,Social media
C1644,2023-04-03,United States,32,Small business,Search
C1645,2024-01-11,United Kingdom,43,Consumer,Email
C1646,2024-03-12,France,41,Corporate,Direct
C1647,2023-02-04,Nigeria,38,Small business,Direct
C1648,2023-06-20,Mexico,52,Consumer,Direct
C1649,2023-05-05,Germany,45,Corporate,Email
C1650,2023-08-22,United States,25,Corporate,Direct
C1651,2023-11-14,India,38,Consumer,Direct
C1652,2023-10-06,United States,21,Small business,Social media
C1653,2023-10-13,United States,25,Corporate,Search
C1654,2023-05-19,Brazil,28,Consumer,Referral
C1655,2024-05-28,United Kingdom,32,Consumer,Social media
C1656,2024-01-18,India,30,Consumer,Social media
C1657,2023-06-01,United States,38,Consumer,Social media
C1658,2024-10-16,Japan,40,Consumer,Search
C1659,2023-10-04,Germany,38,Corporate,Referral
C1660,2024-12-12,France,30,Corporate,Search
C1661,2023-02-07,India,37,Consumer,Direct
C1662,2023-03-18,Australia,42,Consumer,Email
C1663,2024-02-11,South Africa,54,Consumer,Social media
C1664,2023-03-01,Mexico,39,Consumer,Search
C1665,2024-02-29,Canada,44,Consumer,Search
C1666,2023-10-09,South Africa,36,Consumer,Social media
C1667,2023-02-16,United States,18,Consumer,Search
C1668,2024-11-24,United States,18,Consumer,Email
C1669,2023-06-08,Japan,44,Consumer,Social media
C1670,2024-06-14,Japan,44,Consumer,Search
C1671,2023-09-13,India,28,Consumer,Direct
C1672,2023-09-14,United States,20,Consumer,Direct
C1673,2023-03-29,United States,44,Consumer,Search
C1674,2024-11-28,Germany,44,Consumer,Search
C1675,2024-09-10,United States,18,Small business,Social media
C1676,2024-10-09,Mexico,23,Consumer,Direct
C1677,2024-06-14,Canada,36,Consumer,Social media
C1678,2023-10-21,Nigeria,47,Small business,Referral
C1679,2023-07-03,India,32,Small business,Referral
C1680,2024-11-24,Canada,36,Small business,Email
C1681,2023-07-06,United States,51,Consumer,Social media
C1682,2024-08-17,South Africa,39,Consumer,Referral
C1683,2024-01-29,United States,46,Small business,Social media
C1684,2024-05-27,Mexico,38,Consumer,Social media
C1685,2023-03-12,Canada,51,Small business,Search
C1686,2024-07-12,United Kingdom,36,Consumer,Social media
C1687,2024-11-19,United States,38,Consumer,Referral
C1688,2024-11-14,Japan,42,Consumer,Direct
C1689,2024-05-15,India,41,Small business,Direct
C1690,2024-06-10,Canada,43,Small business,Social media
C1691,2023-06-27,Germany,44,Consumer,Search
C1692,2024-05-02,United States,38,Consumer,Social media
C1693,2023-03-26,India,34,Small business,Social media
C1694,2023-12-04,France,50,Consumer,Social media
C1695,2024-02-19,India,38,Consumer,Search
C1696,2024-12-01,United Kingdom,39,Small business,Referral
C1697,2023-08-15,Canada,22,Consumer,Email
C1698,2023-07-20,Canada,31,Consumer,Email
C1699,2023-12-04,United States,24,Consumer,Search
C1700,2024-09-29,Canada,41,Small business,Search
C1701,2024-04-10,United States,32,Consumer,Search
C1702,2023-06-24,United States,27,Consumer,Referral
C1703,2023-11-01,India,48,Consumer,Social media
C1704,2023-06-17,United States,38,Consumer,Search
C1705,2024-10-19,United States,34,Consumer,Search
C1706,2023-06-14,India,62,Consumer,Referral
C1707,2024-07-08,Australia,41,Consumer,Referral
C1708,2024-10-16,Brazil,18,Consumer,Search
C1709,2023-03-23,United States,51,Small business,Social media
C1710,2024-06-19,Nigeria,41,Consumer,Search
C1711,2023-02-09,Mexico,64,Consumer,Referral
C1712,2023-07-06,United States,56,Consumer,Direct
C1713,2023-03-20,United States,28,Corporate,Search
C1714,2023-04-28,India,43,Consumer,Social media
C1715,2023-05-16,United States,21,Consumer,Direct
C1716,2024-05-27,United Kingdom,37,Small business,Search
C1717,2024-09-07,India,23,Small business,Social media
C1718,2023-04-14,France,37,Consumer,Referral
C1719,2024-03-12,France,39,Consumer,Direct
C1720,2024-10-31,Brazil,48,Small business,Direct
C1721,2024-05-04,Nigeria,32,Consumer,Direct
C1722,2023-04-01,India,54,Corporate,Social media
C1723,2024-09-19,Japan,18,Small business,Social media
C1724,2024-05-03,United States,25,Consumer,Email
C1725,2024-01-29,Mexico,37,Consumer,Direct
C1726,2023-06-06,United States,36,Small business,Social media
C1727,2023-02-20,United States,20,Small business,Search
C1728,2024-04-15,South Africa,53,Consumer,Search
C1729,2023-12-23,Mexico,38,Consumer,Referral
C1730,2024-10-31,India,28,Consumer,Social media
C1731,2024-10-24,United Kingdom,32,Small business,Direct
C1732,2024-09-01,Canada,39,Consumer,Social media
C1733,2024-07-27,United States,37,Consumer,Social media
C1734,2024-03-24,United States,26,Consumer,Search
C1735,2023-12-09,India,38,Consumer,Search
C1736,2023-12-28,United Kingdom,48,Consumer,Search
C1737,2024-10-14,Mexico,26,Consumer,Direct
C1738,2023-11-09,Canada,37,Corporate,Search
C1739,2024-12-04,United States,33,Consumer,Search
C1740,2024-05-28,South Africa,36,Consumer,Direct
C1741,2023-04-06,Japan,46,Consumer,Search
C1742,2024-07-10,France,22,Consumer,Direct
C1743,2023-09-16,United Kingdom,25,Corporate,Social media
C1744,2024-04-21,Nigeria,34,Consumer,Email
C1745,2023-09-09,United States,49,Consumer,Social media
C1746,2023-12-14,India,52,Consumer,Referral
C1747,2023-02-24,Canada,37,Consumer,Social media
C1748,2024-06-23,United States,37,Corporate,Search
C1749,2023-09-29,India,32,Consumer,Email
C1750,2023-09-11,United Kingdom,25,Corporate,Search
C1751,2024-03-02,United States,45,Consumer,Direct
C1752,2023-07-09,United States,43,Consumer,Direct
C1753,2023-08-09,France,38,Consumer,Direct
C1754,2023-02-05,United States,35,Consumer,Social media
C1755,2023-06-19,United States,41,Consumer,Search
C1756,2023-05-24,India,29,Small business,Email
C1757,2024-12-10,India,38,Consumer,Email
C1758,2024-12-09,Germany,25,Consumer,Direct
C1759,2023-07-31,India,40,Consumer,Search
C1760,2024-04-07,Mexico,48,Small business,Direct
C1761,2024-12-22,Canada,22,Consumer,Social media
C1762,2023-10-01,Mexico,27,Consumer,Social media
C1763,2023-10-10,Germany,49,Consumer,Direct
C1764,2024-11-28,Brazil,31,Consumer,Social media
C1765,2024-04-14,United Kingdom,51,Consumer,Email
C1766,2023-02-19,Japan,23,Consumer,Search
C1767,2023-07-07,India,37,Consumer,Social media
C1768,2023-08-24,India,33,Consumer,Social media
C1769,2023-06-02,United States,52,Consumer,Search
C1770,2023-11-03,United Kingdom,39,Small business,Social media
C1771,2023-01-23,India,18,Consumer,Referral
C1772,2023-06-29,India,40,Corporate,Social media
C1773,2023-03-13,United States,30,Consumer,Referral
C1774,2024-08-17,Germany,18,Consumer,Search
C1775,2024-04-26,Canada,38,Consumer,Social media
C1776,2023-07-13,Germany,18,Small business,Social media
C1777,2023-08-16,United Kingdom,50,Consumer,Email
C1778,2023-12-22,South Africa,18,Consumer,Direct
C1779,2024-05-20,Germany,34,Consumer,Referral
C1780,2024-12-08,United States,50,Consumer,Direct
C1781,2023-12-07,Australia,40,Consumer,Email
C1782,2023-12-25,Germany,50,Consumer,Direct
C1783,2023-01-01,Canada,35,Consumer,Email
C1784,2023-06-22,India,42,Consumer,Referral
C1785,2023-02-21,United States,55,Corporate,Search
C1786,2024-03-10,India,21,Consumer,Email
C1787,2023-04-04,France,18,Consumer,Social media
C1788,2024-09-18,Japan,31,Consumer,Direct
C1789,2023-11-20,India,19,Consumer,Email
C1790,2023-09-17,Canada,22,Consumer,Search
C1791,2023-08-11,Brazil,42,Consumer,Social media
C1792,2023-02-25,United States,33,Consumer,Referral
C1793,2023-12-05,Nigeria,40,Corporate,Social media
C1794,2023-11-04,Mexico,47,Consumer,Search
C1795,2023-01-26,Germany,45,Consumer,Social media
C1796,2024-08-09,Brazil,38,Consumer,Search
C1797,2023-02-18,Brazil,47,Consumer,Email
C1798,2023-04-23,India,39,Consumer,Social media
C1799,2024-12-04,India,57,Consumer,Social media
C1800,2023-08-10,United States,28,Small business,Referral
C1801,2023-01-21,India,21,Consumer,Search
C1802,2023-05-24,Nigeria,29,Consumer,Search
C1803,2024-03-15,United Kingdom,25,Consumer,Search
C1804,2024-10-21,United Kingdom,29,Corporate,Direct
C1805,2023-11-04,Canada,18,Consumer,Referral
C1806,2024-09-03,Japan,49,Consumer,Email
C1807,2024-07-03,Brazil,49,Consumer,Social media
C1808,2023-04-11,Brazil,27,Small business,Search
C1809,2023-07-29,France,35,Consumer,Social media
C1810,2023-04-03,Nigeria,39,Consumer,Social media
C1811,2023-08-13,Australia,35,Consumer,Search
C1812,2023-06-18,Japan,73,Small business,Search
C1813,2023-04-02,India,48,Corporate,Search
C1814,2024-07-11,France,40,Consumer,Search
C1815,2024-09-15,United States,36,Small business,Email
C1816,2023-03-05,United States,21,Consumer,Email
C1817,2023-10-14,United States,31,Consumer,Search
C1818,2024-02-17,United States,31,Corporate,Social media
C1819,2023-03-17,Nigeria,43,Consumer,Social media
C1820,2024-05-29,United States,42,Consumer,Search
C1821,2024-06-27,Japan,44,Consumer,Social media
C1822,2024-11-01,Nigeria,35,Consumer,Email
C1823,2024-02-03,United States,35,Corporate,Direct
C1824,2024-12-07,Nigeria,18,Consumer,Referral
C1825,2024-10-12,Mexico,49,Consumer,Search
C1826,2023-11-13,Mexico,56,Consumer,Referral
C1827,2023-07-06,United States,18,Consumer,Direct
C1828,2024-09-15,United Kingdom,31,Consumer,Email
C1829,2023-01-25,United States,24,Consumer,Search
C1830,2024-12-21,United States,41,Consumer,Social media
C1831,2023-11-23,Germany,42,Consumer,Social media
C1832,2024-12-25,United States,33,Corporate,Email
C1833,2023-09-21,United States,23,Consumer,Social media
C1834,2024-09-09,Nigeria,22,Small business,Social media
C1835,2023-03-14,India,24,Consumer,Direct
C1836,2024-03-25,Brazil,27,Corporate,Email
C1837,2024-09-03,Japan,27,Consumer,Direct
C1838,2023-03-17,United Kingdom,22,Consumer,Search
C1839,2024-12-28,Mexico,34,Small business,Social media
C1840,2024-02-08,Germany,32,Small business,Direct
C1841,2023-03-11,Germany,34,Consumer,Referral
C1842,2023-01-08,United States,36,Consumer,Search
C1843,2024-01-02,United States,39,Consumer,Email
C1844,2024-08-05,Brazil,34,Consumer,Search
C1845,2023-08-05,India,38,Consumer,Search
C1846,2023-05-19,United States,32,Corporate,Search
C1847,2024-02-11,United States,30,Small business,Social media
C1848,2023-12-14,Germany,40,Consumer,Search
C1849,2023-09-04,Australia,27,Consumer,Search
C1850,2023-04-06,Canada,52,Consumer,Social media
C1851,2024-10-09,Australia,26,Consumer,Search
C1852,2024-08-11,Germany,35,Consumer,Social media
C1853,2024-02-01,United States,44,Consumer,Social media
C1854,2023-11-22,United Kingdom,41,Corporate,Search
C1855,2024-08-16,Germany,44,Corporate,Email
C1856,2023-10-06,Brazil,24,Consumer,Direct
C1857,2024-10-31,Germany,34,Consumer,Referral
C1858,2023-02-07,United States,20,Consumer,Email
C1859,2023-01-01,Australia,28,Consumer,Social media
C1860,2024-05-24,Japan,37,Consumer,Direct
C1861,2024-01-25,United States,49,Consumer,Social media
C1862,2023-01-22,United States,45,Consumer,Referral
C1863,2023-09-06,United States,47,Corporate,Referral
C1864,2023-08-06,South Africa,41,Small business,Direct
C1865,2024-04-19,United States,42,Consumer,Social media
C1866,2024-08-23,India,31,Corporate,Search
C1867,2024-07-12,South Africa,47,Small business,Referral
C1868,2023-12-04,Nigeria,48,Small business,Referral
C1869,2023-05-18,France,33,Consumer,Referral
C1870,2023-08-02,United States,31,Consumer,Referral
C1871,2023-06-13,South Africa,33,Consumer,Search
C1872,2024-09-15,Brazil,24,Consumer,Email
C1873,2024-12-30,United States,45,Consumer,Search
C1874,2023-06-15,India,32,Corporate,Social media
C1875,2024-09-02,United States,23,Consumer,Social media
C1876,2024-12-19,United States,27,Consumer,Email
C1877,2024-12-15,Japan,45,Consumer,Referral
C1878,2023-07-31,United States,56,Corporate,Social media
C1879,2023-06-21,United States,22,Consumer,Social media
C1880,2023-06-19,South Africa,18,Small business,Email
C1881,2024-02-27,South Africa,18,Consumer,Social media
C1882,2024-10-15,Japan,41,Consumer,Referral
C1883,2024-04-20,Nigeria,46,Small business,Referral
C1884,2023-01-14,India,38,Consumer,Email
C1885,2023-11-11,Brazil,34,Corporate,Direct
C1886,2024-10-04,Brazil,27,Small business,Social media
C1887,2023-06-02,India,33,Consumer,Social media
C1888,2024-02-12,India,28,Consumer,Search
C1889,2024-02-27,France,29,Corporate,Search
C1890,2024-08-10,Mexico,33,Consumer,Search
C1891,2024-09-25,Nigeria,33,Small business,Search
C1892,2023-11-04,United States,40,Consumer,Search
C1893,2023-04-30,Germany,39,Consumer,Search
C1894,2023-07-04,United States,29,Corporate,Search
C1895,2023-10-25,South Africa,26,Corporate,Search
C1896,2023-11-20,India,34,Consumer,Email
C1897,2023-03-26,Canada,33,Small business,Email
C1898,2023-05-20,United States,37,Consumer,Direct
C1899,2023-09-01,India,59,Consumer,Social media
C1900,2023-01-27,South Africa,35,Consumer,Direct
C1901,2024-08-20,India,58,Small business,Social media
C1902,2023-09-06,Germany,28,Consumer,Search
C1903,2023-05-17,Germany,35,Corporate,Social media
C1904,2024-04-09,United States,22,Consumer,Social media
C1905,2023-04-28,Germany,29,Small business,Email
C1906,2023-06-21,Nigeria,30,Consumer,Direct
C1907,2023-10-29,United States,32,Small business,Direct
C1908,2023-03-20,France,39,Consumer,Social media
C1909,2024-10-02,United States,35,Consumer,Email
C1910,2024-06-17,United States,26,Small business,Direct
C1911,2023-11-25,Brazil,28,Consumer,Search
C1912,2023-01-11,Mexico,39,Consumer,Social media
C1913,2023-07-12,Brazil,27,Consumer,Search
C1914,2024-09-20,Germany,27,Consumer,Social media
C1915,2024-05-20,Germany,42,Consumer,Search
C1916,2023-01-10,India,40,Small business,Referral
C1917,2024-09-16,Germany,40,Consumer,Direct
C1918,2023-06-21,United States,21,Small business,Direct
C1919,2023-05-04,Mexico,36,Small business,Search
C1920,2023-11-19,India,21,Consumer,Referral
C1921,2023-03-05,United States,40,Consumer,Search
C1922,2023-07-07,Japan,43,Consumer,Search
C1923,2024-04-29,Australia,18,Consumer,Social media
C1924,2024-01-18,United States,37,Consumer,Social media
C1925,2024-10-08,United States,42,Small business,Social media
C1926,2024-07-17,Canada,49,Consumer,Direct
C1927,2023-10-31,France,35,Consumer,Social media
C1928,2023-12-27,Nigeria,20,Consumer,Referral
C1929,2023-05-29,India,19,Consumer,Referral
C1930,2023-12-09,United Kingdom,43,Consumer,Search
C1931,2023-01-24,Australia,35,Consumer,Search
C1932,2024-03-23,Australia,53,Consumer,Search
C1933,2023-04-21,United States,56,Consumer,Email
C1934,2023-08-28,United Kingdom,41,Consumer,Search
C1935,2024-06-04,India,31,Consumer,Social media
C1936,2023-10-29,United States,48,Consumer,Search
C1937,2023-02-01,United States,49,Consumer,Email
C1938,2023-10-23,South Africa,41,Consumer,Social media
C1939,2023-04-16,Germany,34,Consumer,Referral
C1940,2023-07-13,Germany,39,Consumer,Email
C1941,2024-11-18,United States,46,Consumer,Social media
C1942,2024-01-26,United States,26,Consumer,Search
C1943,2024-06-23,Japan,52,Consumer,Search
C1944,2024-12-24,India,24,Consumer,Email
C1945,2023-08-22,Japan,29,Consumer,Search
C1946,2024-03-29,Japan,23,Consumer,Email
C1947,2023-10-29,France,18,Corporate,Search
C1948,2023-03-11,France,36,Consumer,Referral
C1949,2024-05-12,United States,40,Consumer,Search
C1950,2023-07-05,Australia,21,Consumer,Email
C1951,2023-04-20,United States,27,Consumer,Social media
C1952,2023-12-29,Germany,33,Consumer,Direct
C1953,2024-02-06,Japan,41,Consumer,Search
C1954,2023-03-24,Mexico,26,Consumer,Search
C1955,2024-11-28,Nigeria,27,Consumer,Referral
C1956,2024-04-14,United States,43,Consumer,Email
C1957,2023-06-20,India,22,Consumer,Social media
C1958,2024-05-18,United Kingdom,34,Consumer,Search
C1959,2023-11-16,United States,37,Corporate,Social media
C1960,2024-03-29,Brazil,24,Small business,Social media
C1961,2023-09-27,India,42,Consumer,Search
C1962,2024-02-05,France,20,Small business,Social media
C1963,2023-06-20,United States,38,Consumer,Search
C1964,2023-07-11,Germany,53,Corporate,Search
C1965,2023-09-16,United States,48,Small business,Referral
C1966,2023-09-27,United Kingdom,50,Consumer,Social media
C1967,2023-04-04,Australia,31,Consumer,Search
C1968,2023-07-05,Canada,50,Consumer,Social media
C1969,2024-03-10,United States,59,Small business,Direct
C1970,2023-12-23,United Kingdom,36,Small business,Search
C1971,2023-05-16,India,41,Consumer,Search
C1972,2024-09-26,India,31,Consumer,Search
C1973,2023-06-11,Mexico,59,Consumer,Social media
C1974,2023-09-14,Germany,33,Consumer,Social media
C1975,2023-01-04,Brazil,58,Consumer,Referral
C1976,2024-06-03,India,34,Consumer,Search
C1977,2024-09-02,Canada,54,Consumer,Social media
C1978,2023-11-04,United States,18,Consumer,Social media
C1979,2024-08-29,Brazil,43,Consumer,Referral
C1980,2023-12-07,South Africa,22,Consumer,Search
C1981,2023-07-11,Mexico,55,Small business,Search
C1982,2024-11-10,Brazil,23,Consumer,Direct
C1983,2024-06-28,United States,18,Consumer,Social media
C1984,2023-07-19,Canada,33,Consumer,Search
C1985,2023-10-05,United Kingdom,24,Consumer,Search
C1986,2024-10-07,South Africa,62,Corporate,Referral
C1987,2024-10-21,India,46,Consumer,Search
C1988,2023-03-13,India,42,Consumer,Referral
C1989,2024-04-16,Mexico,33,Consumer,Search
C1990,2024-06-28,Germany,46,Consumer,Search
C1991,2024-01-12,Mexico,27,Consumer,Direct
C1992,2023-09-22,Germany,34,Consumer,Referral
C1993,2024-07-12,United States,36,Consumer,Search
C1994,2024-09-26,United States,44,Small business,Email
C1995,2024-07-29,Mexico,35,Consumer,Search
C1996,2023-03-09,Brazil,30,Consumer,Search
C1997,2024-03-31,United Kingdom,30,Small business,Search
C1998,2024-08-15,United States,46,Consumer,Search
C1999,2024-07-15,United States,30,Small business,Email
C2000,2024-08-28,India,40,Small business,Search
